run_id,run_started_at,config_hash,run_status,last_completed_step,random_seed,num_steps,eval_every,batch_size,learning_rate,optimizer,weight_decay,grad_clip_norm,pos_weight,embedding_size,num_attention_heads,mlp_hidden_size,num_layers,max_categories,record_representation,adjacency_decoder,entity_slot_count,num_slot_attention_layers,text_backend,train_generator,wag_allow_ollama,wag_ollama_model,hard_negative_rate,hard_negative_contract_weights,benchmark_names,frozen_dgp_n_records,frozen_dgp_p_match,frozen_dgp_n_fields,frozen_dgp_schema_temperature,save_models,save_best_model,save_last_model,frozen_dgp_configs,step,name,n_records,n_entities,prevalence,roc_auc,pr_auc,pair_precision,pair_recall,pair_f1,best_pair_f1,best_pair_threshold,adjusted_rand,weighted_training_loss,generate_seconds,tokenize_seconds,forward_loss_seconds,backward_step_seconds,checkpoint_seconds,eval_seconds,step_seconds,rss_mb,device_memory_mb,did_eval,batch_records_min,batch_records_max,batch_records_mean,batch_fields_min,batch_fields_max,batch_fields_mean
20260721_200947_seed1337_bda60282,2026-07-21T20:09:47.192362-04:00,bda60282,completed,1500,1337,1500,100,16,0.004,AdamWScheduleFree,0.0,1.0,,96,4,192,3,512,entity_target_column,pair_mlp,300,1,sentence_transformer,wag,False,llama3.2:1b,0.1,,"[""nc_voters_shared"",""nc_voters_changed"",""fodors_zagats"",""dblp_acm"",""amazon_google_price_numeric""]",250,0.05,6,1.0,True,True,True,"{""person_dgp"":{""corruption_rate"":0.1,""missing_rate"":0.1,""nickname_rate"":0.05,""seed"":502}}",0,nc_voters_shared,805,200,0.0041778684218658265,0.14751673573612467,0.0031488124610817383,0.0010894093844836979,0.19674556213017752,0.0021668207607495895,0.008721885749805548,0.4886327087879181,0.0,,,,,,,,,,,,,,,,,
20260721_200947_seed1337_bda60282,2026-07-21T20:09:47.192362-04:00,bda60282,completed,1500,1337,1500,100,16,0.004,AdamWScheduleFree,0.0,1.0,,96,4,192,3,512,entity_target_column,pair_mlp,300,1,sentence_transformer,wag,False,llama3.2:1b,0.1,,"[""nc_voters_shared"",""nc_voters_changed"",""fodors_zagats"",""dblp_acm"",""amazon_google_price_numeric""]",250,0.05,6,1.0,True,True,True,"{""person_dgp"":{""corruption_rate"":0.1,""missing_rate"":0.1,""nickname_rate"":0.05,""seed"":502}}",0,nc_voters_changed,846,200,0.004135017555639487,0.18750223791113904,0.0027181627928312578,0.001808945607731384,0.3457374830852503,0.0035990604409729438,0.008380698544722428,0.487067848443985,0.0,,,,,,,,,,,,,,,,,
20260721_200947_seed1337_bda60282,2026-07-21T20:09:47.192362-04:00,bda60282,completed,1500,1337,1500,100,16,0.004,AdamWScheduleFree,0.0,1.0,,96,4,192,3,512,entity_target_column,pair_mlp,300,1,sentence_transformer,wag,False,llama3.2:1b,0.1,,"[""nc_voters_shared"",""nc_voters_changed"",""fodors_zagats"",""dblp_acm"",""amazon_google_price_numeric""]",250,0.05,6,1.0,True,True,True,"{""person_dgp"":{""corruption_rate"":0.1,""missing_rate"":0.1,""nickname_rate"":0.05,""seed"":502}}",0,dblp_acm,1000,500,0.001001001001001001,0.1822741723446894,0.0005852444806167281,0.0001608643779240452,0.12,0.0003212980440981566,0.0021172974086969723,0.4913980960845947,0.0,,,,,,,,,,,,,,,,,
20260721_200947_seed1337_bda60282,2026-07-21T20:09:47.192362-04:00,bda60282,completed,1500,1337,1500,100,16,0.004,AdamWScheduleFree,0.0,1.0,,96,4,192,3,512,entity_target_column,pair_mlp,300,1,sentence_transformer,wag,False,llama3.2:1b,0.1,,"[""nc_voters_shared"",""nc_voters_changed"",""fodors_zagats"",""dblp_acm"",""amazon_google_price_numeric""]",250,0.05,6,1.0,True,True,True,"{""person_dgp"":{""corruption_rate"":0.1,""missing_rate"":0.1,""nickname_rate"":0.05,""seed"":502}}",0,fodors_zagats,224,112,0.004484304932735426,0.38839537081724584,0.0034240522276836258,0.003670150987224158,0.7053571428571429,0.007302306234690577,0.008936051382295447,0.4287852942943573,0.0,,,,,,,,,,,,,,,,,
20260721_200947_seed1337_bda60282,2026-07-21T20:09:47.192362-04:00,bda60282,completed,1500,1337,1500,100,16,0.004,AdamWScheduleFree,0.0,1.0,,96,4,192,3,512,entity_target_column,pair_mlp,300,1,sentence_transformer,wag,False,llama3.2:1b,0.1,,"[""nc_voters_shared"",""nc_voters_changed"",""fodors_zagats"",""dblp_acm"",""amazon_google_price_numeric""]",250,0.05,6,1.0,True,True,True,"{""person_dgp"":{""corruption_rate"":0.1,""missing_rate"":0.1,""nickname_rate"":0.05,""seed"":502}}",0,amazon_google_price_numeric,1080,500,0.0011653451412487557,0.3493589321257341,0.000800038987534782,0.00028531195641169594,0.045655375552282766,0.0005670800863425163,0.0023597543202528706,0.4886327087879181,0.0,,,,,,,,,,,,,,,,,
20260721_200947_seed1337_bda60282,2026-07-21T20:09:47.192362-04:00,bda60282,completed,1500,1337,1500,100,16,0.004,AdamWScheduleFree,0.0,1.0,,96,4,192,3,512,entity_target_column,pair_mlp,300,1,sentence_transformer,wag,False,llama3.2:1b,0.1,,"[""nc_voters_shared"",""nc_voters_changed"",""fodors_zagats"",""dblp_acm"",""amazon_google_price_numeric""]",250,0.05,6,1.0,True,True,True,"{""person_dgp"":{""corruption_rate"":0.1,""missing_rate"":0.1,""nickname_rate"":0.05,""seed"":502}}",0,person_dgp,250,58,0.03203212851405623,0.22882591614461012,0.01981667328794788,0.008902306858646849,0.23069207622868607,0.017143070100249694,0.06751713374499559,0.48755884170532227,0.0,,,,,,,,,,,,,,,,,
20260721_200947_seed1337_bda60282,2026-07-21T20:09:47.192362-04:00,bda60282,completed,1500,1337,1500,100,16,0.004,AdamWScheduleFree,0.0,1.0,,96,4,192,3,512,entity_target_column,pair_mlp,300,1,sentence_transformer,wag,False,llama3.2:1b,0.1,,"[""nc_voters_shared"",""nc_voters_changed"",""fodors_zagats"",""dblp_acm"",""amazon_google_price_numeric""]",250,0.05,6,1.0,True,True,True,"{""person_dgp"":{""corruption_rate"":0.1,""missing_rate"":0.1,""nickname_rate"":0.05,""seed"":502}}",100,nc_voters_shared,805,200,0.0041778684218658265,0.9775864791858309,0.7339057146715184,0.06842737094837935,0.8853550295857988,0.12703634916423454,0.8074481591197631,0.9297876954078674,0.0,0.26754269003868103,5.048718124977313,4.7365849170600995,0.8380449169781059,0.35215725004673004,0.012553500011563301,14.922437999979593,25.900620125001296,3663.109375,137.107177734375,True,188.0,188.0,188.0,8.0,8.0,8.0
20260721_200947_seed1337_bda60282,2026-07-21T20:09:47.192362-04:00,bda60282,completed,1500,1337,1500,100,16,0.004,AdamWScheduleFree,0.0,1.0,,96,4,192,3,512,entity_target_column,pair_mlp,300,1,sentence_transformer,wag,False,llama3.2:1b,0.1,,"[""nc_voters_shared"",""nc_voters_changed"",""fodors_zagats"",""dblp_acm"",""amazon_google_price_numeric""]",250,0.05,6,1.0,True,True,True,"{""person_dgp"":{""corruption_rate"":0.1,""missing_rate"":0.1,""nickname_rate"":0.05,""seed"":502}}",100,nc_voters_changed,846,200,0.004135017555639487,0.9504261469404118,0.5608660400682223,0.04402861860209136,0.8119079837618404,0.08352765113284377,0.6702613023641644,0.9310249090194702,0.0,0.26754269003868103,5.048718124977313,4.7365849170600995,0.8380449169781059,0.35215725004673004,0.012553500011563301,14.922437999979593,25.900620125001296,3663.109375,137.107177734375,True,188.0,188.0,188.0,8.0,8.0,8.0
20260721_200947_seed1337_bda60282,2026-07-21T20:09:47.192362-04:00,bda60282,completed,1500,1337,1500,100,16,0.004,AdamWScheduleFree,0.0,1.0,,96,4,192,3,512,entity_target_column,pair_mlp,300,1,sentence_transformer,wag,False,llama3.2:1b,0.1,,"[""nc_voters_shared"",""nc_voters_changed"",""fodors_zagats"",""dblp_acm"",""amazon_google_price_numeric""]",250,0.05,6,1.0,True,True,True,"{""person_dgp"":{""corruption_rate"":0.1,""missing_rate"":0.1,""nickname_rate"":0.05,""seed"":502}}",100,dblp_acm,1000,500,0.001001001001001001,0.9791958637274549,0.12479724609199187,0.0034221242058252157,0.99,0.006820671457212343,0.28309741881765194,0.9385166168212891,8.040104038946264e-06,0.26754269003868103,5.048718124977313,4.7365849170600995,0.8380449169781059,0.35215725004673004,0.012553500011563301,14.922437999979593,25.900620125001296,3663.109375,137.107177734375,True,188.0,188.0,188.0,8.0,8.0,8.0
20260721_200947_seed1337_bda60282,2026-07-21T20:09:47.192362-04:00,bda60282,completed,1500,1337,1500,100,16,0.004,AdamWScheduleFree,0.0,1.0,,96,4,192,3,512,entity_target_column,pair_mlp,300,1,sentence_transformer,wag,False,llama3.2:1b,0.1,,"[""nc_voters_shared"",""nc_voters_changed"",""fodors_zagats"",""dblp_acm"",""amazon_google_price_numeric""]",250,0.05,6,1.0,True,True,True,"{""person_dgp"":{""corruption_rate"":0.1,""missing_rate"":0.1,""nickname_rate"":0.05,""seed"":502}}",100,fodors_zagats,224,112,0.004484304932735426,0.5556039138628424,0.010904647768915776,0.01476510067114094,0.19642857142857142,0.02746566791510612,0.07333333333333333,0.9382327795028687,0.00818860282752834,0.26754269003868103,5.048718124977313,4.7365849170600995,0.8380449169781059,0.35215725004673004,0.012553500011563301,14.922437999979593,25.900620125001296,3663.109375,137.107177734375,True,188.0,188.0,188.0,8.0,8.0,8.0
20260721_200947_seed1337_bda60282,2026-07-21T20:09:47.192362-04:00,bda60282,completed,1500,1337,1500,100,16,0.004,AdamWScheduleFree,0.0,1.0,,96,4,192,3,512,entity_target_column,pair_mlp,300,1,sentence_transformer,wag,False,llama3.2:1b,0.1,,"[""nc_voters_shared"",""nc_voters_changed"",""fodors_zagats"",""dblp_acm"",""amazon_google_price_numeric""]",250,0.05,6,1.0,True,True,True,"{""person_dgp"":{""corruption_rate"":0.1,""missing_rate"":0.1,""nickname_rate"":0.05,""seed"":502}}",100,amazon_google_price_numeric,1080,500,0.0011653451412487557,0.8869820269729842,0.01095868349411917,0.0012012140080033549,0.9955817378497791,0.0023995328720030243,0.035300410055268315,0.957194983959198,0.0,0.26754269003868103,5.048718124977313,4.7365849170600995,0.8380449169781059,0.35215725004673004,0.012553500011563301,14.922437999979593,25.900620125001296,3663.109375,137.107177734375,True,188.0,188.0,188.0,8.0,8.0,8.0
20260721_200947_seed1337_bda60282,2026-07-21T20:09:47.192362-04:00,bda60282,completed,1500,1337,1500,100,16,0.004,AdamWScheduleFree,0.0,1.0,,96,4,192,3,512,entity_target_column,pair_mlp,300,1,sentence_transformer,wag,False,llama3.2:1b,0.1,,"[""nc_voters_shared"",""nc_voters_changed"",""fodors_zagats"",""dblp_acm"",""amazon_google_price_numeric""]",250,0.05,6,1.0,True,True,True,"{""person_dgp"":{""corruption_rate"":0.1,""missing_rate"":0.1,""nickname_rate"":0.05,""seed"":502}}",100,person_dgp,250,58,0.03203212851405623,0.9804029387685094,0.8473706687444418,0.349857781389679,0.8635907723169508,0.4979757085020243,0.8624999999999999,0.911204993724823,0.01596877108601077,0.26754269003868103,5.048718124977313,4.7365849170600995,0.8380449169781059,0.35215725004673004,0.012553500011563301,14.922437999979593,25.900620125001296,3663.109375,137.107177734375,True,188.0,188.0,188.0,8.0,8.0,8.0
20260721_200947_seed1337_bda60282,2026-07-21T20:09:47.192362-04:00,bda60282,completed,1500,1337,1500,100,16,0.004,AdamWScheduleFree,0.0,1.0,,96,4,192,3,512,entity_target_column,pair_mlp,300,1,sentence_transformer,wag,False,llama3.2:1b,0.1,,"[""nc_voters_shared"",""nc_voters_changed"",""fodors_zagats"",""dblp_acm"",""amazon_google_price_numeric""]",250,0.05,6,1.0,True,True,True,"{""person_dgp"":{""corruption_rate"":0.1,""missing_rate"":0.1,""nickname_rate"":0.05,""seed"":502}}",200,nc_voters_shared,805,200,0.0041778684218658265,0.9895342157764658,0.817687860941417,0.06303486723067142,0.9534023668639053,0.11825145635521306,0.8188314417822614,0.9812275171279907,0.0,0.2649337351322174,2.5726922090398148,1.4862648328999057,0.2803062499733642,0.20598458300810307,0.012873541912995279,15.58444062503986,20.13283000001684,3663.109375,112.275390625,True,144.0,144.0,144.0,3.0,3.0,3.0
20260721_200947_seed1337_bda60282,2026-07-21T20:09:47.192362-04:00,bda60282,completed,1500,1337,1500,100,16,0.004,AdamWScheduleFree,0.0,1.0,,96,4,192,3,512,entity_target_column,pair_mlp,300,1,sentence_transformer,wag,False,llama3.2:1b,0.1,,"[""nc_voters_shared"",""nc_voters_changed"",""fodors_zagats"",""dblp_acm"",""amazon_google_price_numeric""]",250,0.05,6,1.0,True,True,True,"{""person_dgp"":{""corruption_rate"":0.1,""missing_rate"":0.1,""nickname_rate"":0.05,""seed"":502}}",200,nc_voters_changed,846,200,0.004135017555639487,0.9660106864027528,0.6796886189518572,0.04009209516500384,0.8836265223274695,0.07670396147182333,0.7112232030264817,0.9798657298088074,0.0,0.2649337351322174,2.5726922090398148,1.4862648328999057,0.2803062499733642,0.20598458300810307,0.012873541912995279,15.58444062503986,20.13283000001684,3663.109375,112.275390625,True,144.0,144.0,144.0,3.0,3.0,3.0
20260721_200947_seed1337_bda60282,2026-07-21T20:09:47.192362-04:00,bda60282,completed,1500,1337,1500,100,16,0.004,AdamWScheduleFree,0.0,1.0,,96,4,192,3,512,entity_target_column,pair_mlp,300,1,sentence_transformer,wag,False,llama3.2:1b,0.1,,"[""nc_voters_shared"",""nc_voters_changed"",""fodors_zagats"",""dblp_acm"",""amazon_google_price_numeric""]",250,0.05,6,1.0,True,True,True,"{""person_dgp"":{""corruption_rate"":0.1,""missing_rate"":0.1,""nickname_rate"":0.05,""seed"":502}}",200,dblp_acm,1000,500,0.001001001001001001,0.9939706713426854,0.6853820363105256,0.0056093829678735335,0.99,0.011155558059608993,0.6924731182795699,0.9887017011642456,0.0,0.2649337351322174,2.5726922090398148,1.4862648328999057,0.2803062499733642,0.20598458300810307,0.012873541912995279,15.58444062503986,20.13283000001684,3663.109375,112.275390625,True,144.0,144.0,144.0,3.0,3.0,3.0
20260721_200947_seed1337_bda60282,2026-07-21T20:09:47.192362-04:00,bda60282,completed,1500,1337,1500,100,16,0.004,AdamWScheduleFree,0.0,1.0,,96,4,192,3,512,entity_target_column,pair_mlp,300,1,sentence_transformer,wag,False,llama3.2:1b,0.1,,"[""nc_voters_shared"",""nc_voters_changed"",""fodors_zagats"",""dblp_acm"",""amazon_google_price_numeric""]",250,0.05,6,1.0,True,True,True,"{""person_dgp"":{""corruption_rate"":0.1,""missing_rate"":0.1,""nickname_rate"":0.05,""seed"":502}}",200,fodors_zagats,224,112,0.004484304932735426,0.6903228563384813,0.17661012209407384,0.0180623973727422,0.19642857142857142,0.03308270676691729,0.2773722627737226,0.9936709403991699,0.01735753953325634,0.2649337351322174,2.5726922090398148,1.4862648328999057,0.2803062499733642,0.20598458300810307,0.012873541912995279,15.58444062503986,20.13283000001684,3663.109375,112.275390625,True,144.0,144.0,144.0,3.0,3.0,3.0
20260721_200947_seed1337_bda60282,2026-07-21T20:09:47.192362-04:00,bda60282,completed,1500,1337,1500,100,16,0.004,AdamWScheduleFree,0.0,1.0,,96,4,192,3,512,entity_target_column,pair_mlp,300,1,sentence_transformer,wag,False,llama3.2:1b,0.1,,"[""nc_voters_shared"",""nc_voters_changed"",""fodors_zagats"",""dblp_acm"",""amazon_google_price_numeric""]",250,0.05,6,1.0,True,True,True,"{""person_dgp"":{""corruption_rate"":0.1,""missing_rate"":0.1,""nickname_rate"":0.05,""seed"":502}}",200,amazon_google_price_numeric,1080,500,0.0011653451412487557,0.9147484074751246,0.028721751240694458,0.0011788154996800109,0.9955817378497791,0.0023548427550266838,0.0946843853820598,0.9953415393829346,0.0,0.2649337351322174,2.5726922090398148,1.4862648328999057,0.2803062499733642,0.20598458300810307,0.012873541912995279,15.58444062503986,20.13283000001684,3663.109375,112.275390625,True,144.0,144.0,144.0,3.0,3.0,3.0
20260721_200947_seed1337_bda60282,2026-07-21T20:09:47.192362-04:00,bda60282,completed,1500,1337,1500,100,16,0.004,AdamWScheduleFree,0.0,1.0,,96,4,192,3,512,entity_target_column,pair_mlp,300,1,sentence_transformer,wag,False,llama3.2:1b,0.1,,"[""nc_voters_shared"",""nc_voters_changed"",""fodors_zagats"",""dblp_acm"",""amazon_google_price_numeric""]",250,0.05,6,1.0,True,True,True,"{""person_dgp"":{""corruption_rate"":0.1,""missing_rate"":0.1,""nickname_rate"":0.05,""seed"":502}}",200,person_dgp,250,58,0.03203212851405623,0.99469378661742,0.9190414220356933,0.40406976744186046,0.9759277833500501,0.5715124816446402,0.8736664795058955,0.8810337781906128,0.0,0.2649337351322174,2.5726922090398148,1.4862648328999057,0.2803062499733642,0.20598458300810307,0.012873541912995279,15.58444062503986,20.13283000001684,3663.109375,112.275390625,True,144.0,144.0,144.0,3.0,3.0,3.0
20260721_200947_seed1337_bda60282,2026-07-21T20:09:47.192362-04:00,bda60282,completed,1500,1337,1500,100,16,0.004,AdamWScheduleFree,0.0,1.0,,96,4,192,3,512,entity_target_column,pair_mlp,300,1,sentence_transformer,wag,False,llama3.2:1b,0.1,,"[""nc_voters_shared"",""nc_voters_changed"",""fodors_zagats"",""dblp_acm"",""amazon_google_price_numeric""]",250,0.05,6,1.0,True,True,True,"{""person_dgp"":{""corruption_rate"":0.1,""missing_rate"":0.1,""nickname_rate"":0.05,""seed"":502}}",300,nc_voters_shared,805,200,0.0041778684218658265,0.9928949643273438,0.8382918644899325,0.10159954987541195,0.9349112426035503,0.18328137461030958,0.8403990024937656,0.9819748997688293,0.0,0.09910590201616287,7.7924466249533,10.295277958968654,21.121861958992667,7.273047750000842,0.018894000095315278,18.770348125020973,65.2593283340102,3663.109375,171.28125,True,294.0,294.0,294.0,9.0,9.0,9.0
20260721_200947_seed1337_bda60282,2026-07-21T20:09:47.192362-04:00,bda60282,completed,1500,1337,1500,100,16,0.004,AdamWScheduleFree,0.0,1.0,,96,4,192,3,512,entity_target_column,pair_mlp,300,1,sentence_transformer,wag,False,llama3.2:1b,0.1,,"[""nc_voters_shared"",""nc_voters_changed"",""fodors_zagats"",""dblp_acm"",""amazon_google_price_numeric""]",250,0.05,6,1.0,True,True,True,"{""person_dgp"":{""corruption_rate"":0.1,""missing_rate"":0.1,""nickname_rate"":0.05,""seed"":502}}",300,nc_voters_changed,846,200,0.004135017555639487,0.9775194714853255,0.703162088032183,0.06887782134152803,0.8795669824086604,0.12775157232704404,0.7030859049207673,0.984984278678894,0.0,0.09910590201616287,7.7924466249533,10.295277958968654,21.121861958992667,7.273047750000842,0.018894000095315278,18.770348125020973,65.2593283340102,3663.109375,171.28125,True,294.0,294.0,294.0,9.0,9.0,9.0
20260721_200947_seed1337_bda60282,2026-07-21T20:09:47.192362-04:00,bda60282,completed,1500,1337,1500,100,16,0.004,AdamWScheduleFree,0.0,1.0,,96,4,192,3,512,entity_target_column,pair_mlp,300,1,sentence_transformer,wag,False,llama3.2:1b,0.1,,"[""nc_voters_shared"",""nc_voters_changed"",""fodors_zagats"",""dblp_acm"",""amazon_google_price_numeric""]",250,0.05,6,1.0,True,True,True,"{""person_dgp"":{""corruption_rate"":0.1,""missing_rate"":0.1,""nickname_rate"":0.05,""seed"":502}}",300,dblp_acm,1000,500,0.001001001001001001,0.9959757394789579,0.7792256435081257,0.006966345682127189,0.994,0.013835725122837298,0.7847847847847846,0.9936783909797668,0.0,0.09910590201616287,7.7924466249533,10.295277958968654,21.121861958992667,7.273047750000842,0.018894000095315278,18.770348125020973,65.2593283340102,3663.109375,171.28125,True,294.0,294.0,294.0,9.0,9.0,9.0
20260721_200947_seed1337_bda60282,2026-07-21T20:09:47.192362-04:00,bda60282,completed,1500,1337,1500,100,16,0.004,AdamWScheduleFree,0.0,1.0,,96,4,192,3,512,entity_target_column,pair_mlp,300,1,sentence_transformer,wag,False,llama3.2:1b,0.1,,"[""nc_voters_shared"",""nc_voters_changed"",""fodors_zagats"",""dblp_acm"",""amazon_google_price_numeric""]",250,0.05,6,1.0,True,True,True,"{""person_dgp"":{""corruption_rate"":0.1,""missing_rate"":0.1,""nickname_rate"":0.05,""seed"":502}}",300,fodors_zagats,224,112,0.004484304932735426,0.778712984349145,0.1961086540475838,0.031413612565445025,0.21428571428571427,0.0547945205479452,0.3007518796992481,0.9978172779083252,0.007371782344263144,0.09910590201616287,7.7924466249533,10.295277958968654,21.121861958992667,7.273047750000842,0.018894000095315278,18.770348125020973,65.2593283340102,3663.109375,171.28125,True,294.0,294.0,294.0,9.0,9.0,9.0
20260721_200947_seed1337_bda60282,2026-07-21T20:09:47.192362-04:00,bda60282,completed,1500,1337,1500,100,16,0.004,AdamWScheduleFree,0.0,1.0,,96,4,192,3,512,entity_target_column,pair_mlp,300,1,sentence_transformer,wag,False,llama3.2:1b,0.1,,"[""nc_voters_shared"",""nc_voters_changed"",""fodors_zagats"",""dblp_acm"",""amazon_google_price_numeric""]",250,0.05,6,1.0,True,True,True,"{""person_dgp"":{""corruption_rate"":0.1,""missing_rate"":0.1,""nickname_rate"":0.05,""seed"":502}}",300,amazon_google_price_numeric,1080,500,0.0011653451412487557,0.9143598901177251,0.016016021250928155,0.0011762863456820198,0.9955817378497791,0.002349796391533086,0.04564564564564565,0.9984373450279236,0.0,0.09910590201616287,7.7924466249533,10.295277958968654,21.121861958992667,7.273047750000842,0.018894000095315278,18.770348125020973,65.2593283340102,3663.109375,171.28125,True,294.0,294.0,294.0,9.0,9.0,9.0
20260721_200947_seed1337_bda60282,2026-07-21T20:09:47.192362-04:00,bda60282,completed,1500,1337,1500,100,16,0.004,AdamWScheduleFree,0.0,1.0,,96,4,192,3,512,entity_target_column,pair_mlp,300,1,sentence_transformer,wag,False,llama3.2:1b,0.1,,"[""nc_voters_shared"",""nc_voters_changed"",""fodors_zagats"",""dblp_acm"",""amazon_google_price_numeric""]",250,0.05,6,1.0,True,True,True,"{""person_dgp"":{""corruption_rate"":0.1,""missing_rate"":0.1,""nickname_rate"":0.05,""seed"":502}}",300,person_dgp,250,58,0.03203212851405623,0.9987512990378464,0.975922312113356,0.7393658159319412,0.958876629889669,0.8349344978165939,0.9272821041774111,0.8357874155044556,0.018127491313423713,0.09910590201616287,7.7924466249533,10.295277958968654,21.121861958992667,7.273047750000842,0.018894000095315278,18.770348125020973,65.2593283340102,3663.109375,171.28125,True,294.0,294.0,294.0,9.0,9.0,9.0
20260721_200947_seed1337_bda60282,2026-07-21T20:09:47.192362-04:00,bda60282,completed,1500,1337,1500,100,16,0.004,AdamWScheduleFree,0.0,1.0,,96,4,192,3,512,entity_target_column,pair_mlp,300,1,sentence_transformer,wag,False,llama3.2:1b,0.1,,"[""nc_voters_shared"",""nc_voters_changed"",""fodors_zagats"",""dblp_acm"",""amazon_google_price_numeric""]",250,0.05,6,1.0,True,True,True,"{""person_dgp"":{""corruption_rate"":0.1,""missing_rate"":0.1,""nickname_rate"":0.05,""seed"":502}}",400,nc_voters_shared,805,200,0.0041778684218658265,0.9957448575420165,0.8613808836531253,0.09472240271460544,0.9704142011834319,0.17259751364862197,0.8494983277591973,0.9894288182258606,5.883081184286825e-05,0.19367559254169464,4.840661791036837,3.3446199579630047,5.034983832971193,0.6457401250954717,0.013563542044721544,26.268802499980666,43.91122504195664,3663.109375,135.747802734375,True,185.0,185.0,185.0,6.0,6.0,6.0
20260721_200947_seed1337_bda60282,2026-07-21T20:09:47.192362-04:00,bda60282,completed,1500,1337,1500,100,16,0.004,AdamWScheduleFree,0.0,1.0,,96,4,192,3,512,entity_target_column,pair_mlp,300,1,sentence_transformer,wag,False,llama3.2:1b,0.1,,"[""nc_voters_shared"",""nc_voters_changed"",""fodors_zagats"",""dblp_acm"",""amazon_google_price_numeric""]",250,0.05,6,1.0,True,True,True,"{""person_dgp"":{""corruption_rate"":0.1,""missing_rate"":0.1,""nickname_rate"":0.05,""seed"":502}}",400,nc_voters_changed,846,200,0.004135017555639487,0.982589755571083,0.7273391381565082,0.057874400237781835,0.922192151556157,0.1089136601542211,0.71788517141677,0.9921504259109497,0.0,0.19367559254169464,4.840661791036837,3.3446199579630047,5.034983832971193,0.6457401250954717,0.013563542044721544,26.268802499980666,43.91122504195664,3663.109375,135.747802734375,True,185.0,185.0,185.0,6.0,6.0,6.0
20260721_200947_seed1337_bda60282,2026-07-21T20:09:47.192362-04:00,bda60282,completed,1500,1337,1500,100,16,0.004,AdamWScheduleFree,0.0,1.0,,96,4,192,3,512,entity_target_column,pair_mlp,300,1,sentence_transformer,wag,False,llama3.2:1b,0.1,,"[""nc_voters_shared"",""nc_voters_changed"",""fodors_zagats"",""dblp_acm"",""amazon_google_price_numeric""]",250,0.05,6,1.0,True,True,True,"{""person_dgp"":{""corruption_rate"":0.1,""missing_rate"":0.1,""nickname_rate"":0.05,""seed"":502}}",400,dblp_acm,1000,500,0.001001001001001001,0.9966466833667335,0.8121340066757027,0.005013792964581278,0.996,0.009977360607456975,0.8051948051948052,0.9967934489250183,0.0,0.19367559254169464,4.840661791036837,3.3446199579630047,5.034983832971193,0.6457401250954717,0.013563542044721544,26.268802499980666,43.91122504195664,3663.109375,135.747802734375,True,185.0,185.0,185.0,6.0,6.0,6.0
20260721_200947_seed1337_bda60282,2026-07-21T20:09:47.192362-04:00,bda60282,completed,1500,1337,1500,100,16,0.004,AdamWScheduleFree,0.0,1.0,,96,4,192,3,512,entity_target_column,pair_mlp,300,1,sentence_transformer,wag,False,llama3.2:1b,0.1,,"[""nc_voters_shared"",""nc_voters_changed"",""fodors_zagats"",""dblp_acm"",""amazon_google_price_numeric""]",250,0.05,6,1.0,True,True,True,"{""person_dgp"":{""corruption_rate"":0.1,""missing_rate"":0.1,""nickname_rate"":0.05,""seed"":502}}",400,fodors_zagats,224,112,0.004484304932735426,0.8129039833838941,0.18929642298351432,0.02956989247311828,0.19642857142857142,0.0514018691588785,0.2878787878787879,0.9985840320587158,0.012194627717347252,0.19367559254169464,4.840661791036837,3.3446199579630047,5.034983832971193,0.6457401250954717,0.013563542044721544,26.268802499980666,43.91122504195664,3663.109375,135.747802734375,True,185.0,185.0,185.0,6.0,6.0,6.0
20260721_200947_seed1337_bda60282,2026-07-21T20:09:47.192362-04:00,bda60282,completed,1500,1337,1500,100,16,0.004,AdamWScheduleFree,0.0,1.0,,96,4,192,3,512,entity_target_column,pair_mlp,300,1,sentence_transformer,wag,False,llama3.2:1b,0.1,,"[""nc_voters_shared"",""nc_voters_changed"",""fodors_zagats"",""dblp_acm"",""amazon_google_price_numeric""]",250,0.05,6,1.0,True,True,True,"{""person_dgp"":{""corruption_rate"":0.1,""missing_rate"":0.1,""nickname_rate"":0.05,""seed"":502}}",400,amazon_google_price_numeric,1080,500,0.0011653451412487557,0.926077043306904,0.02588723815413492,0.0011781211059699022,0.9955817378497791,0.002353457249588319,0.07365728900255754,0.9992089867591858,0.0,0.19367559254169464,4.840661791036837,3.3446199579630047,5.034983832971193,0.6457401250954717,0.013563542044721544,26.268802499980666,43.91122504195664,3663.109375,135.747802734375,True,185.0,185.0,185.0,6.0,6.0,6.0
20260721_200947_seed1337_bda60282,2026-07-21T20:09:47.192362-04:00,bda60282,completed,1500,1337,1500,100,16,0.004,AdamWScheduleFree,0.0,1.0,,96,4,192,3,512,entity_target_column,pair_mlp,300,1,sentence_transformer,wag,False,llama3.2:1b,0.1,,"[""nc_voters_shared"",""nc_voters_changed"",""fodors_zagats"",""dblp_acm"",""amazon_google_price_numeric""]",250,0.05,6,1.0,True,True,True,"{""person_dgp"":{""corruption_rate"":0.1,""missing_rate"":0.1,""nickname_rate"":0.05,""seed"":502}}",400,person_dgp,250,58,0.03203212851405623,0.9992329950552666,0.9850846754869447,0.7986798679867987,0.970912738214644,0.8764146672702581,0.9472049689440994,0.8687137365341187,0.08362224728571951,0.19367559254169464,4.840661791036837,3.3446199579630047,5.034983832971193,0.6457401250954717,0.013563542044721544,26.268802499980666,43.91122504195664,3663.109375,135.747802734375,True,185.0,185.0,185.0,6.0,6.0,6.0
20260721_200947_seed1337_bda60282,2026-07-21T20:09:47.192362-04:00,bda60282,completed,1500,1337,1500,100,16,0.004,AdamWScheduleFree,0.0,1.0,,96,4,192,3,512,entity_target_column,pair_mlp,300,1,sentence_transformer,wag,False,llama3.2:1b,0.1,,"[""nc_voters_shared"",""nc_voters_changed"",""fodors_zagats"",""dblp_acm"",""amazon_google_price_numeric""]",250,0.05,6,1.0,True,True,True,"{""person_dgp"":{""corruption_rate"":0.1,""missing_rate"":0.1,""nickname_rate"":0.05,""seed"":502}}",500,nc_voters_shared,805,200,0.0041778684218658265,0.9964119031974124,0.8747997697048182,0.10530938123752495,0.9755917159763313,0.190098724508179,0.8542345276872965,0.987015962600708,6.284981591306401e-05,0.12255510687828064,6.37127233389765,5.822797917062417,3.249224792001769,3.0843632499454543,0.017563208006322384,31.81546591699589,50.345435332972556,3663.109375,152.01611328125,True,290.0,290.0,290.0,6.0,6.0,6.0
20260721_200947_seed1337_bda60282,2026-07-21T20:09:47.192362-04:00,bda60282,completed,1500,1337,1500,100,16,0.004,AdamWScheduleFree,0.0,1.0,,96,4,192,3,512,entity_target_column,pair_mlp,300,1,sentence_transformer,wag,False,llama3.2:1b,0.1,,"[""nc_voters_shared"",""nc_voters_changed"",""fodors_zagats"",""dblp_acm"",""amazon_google_price_numeric""]",250,0.05,6,1.0,True,True,True,"{""person_dgp"":{""corruption_rate"":0.1,""missing_rate"":0.1,""nickname_rate"":0.05,""seed"":502}}",500,nc_voters_changed,846,200,0.004135017555639487,0.9869519673285558,0.7612304951348422,0.06567866384380146,0.9445196211096076,0.12281705010337395,0.7319461444308445,0.992669939994812,0.0,0.12255510687828064,6.37127233389765,5.822797917062417,3.249224792001769,3.0843632499454543,0.017563208006322384,31.81546591699589,50.345435332972556,3663.109375,152.01611328125,True,290.0,290.0,290.0,6.0,6.0,6.0
20260721_200947_seed1337_bda60282,2026-07-21T20:09:47.192362-04:00,bda60282,completed,1500,1337,1500,100,16,0.004,AdamWScheduleFree,0.0,1.0,,96,4,192,3,512,entity_target_column,pair_mlp,300,1,sentence_transformer,wag,False,llama3.2:1b,0.1,,"[""nc_voters_shared"",""nc_voters_changed"",""fodors_zagats"",""dblp_acm"",""amazon_google_price_numeric""]",250,0.05,6,1.0,True,True,True,"{""person_dgp"":{""corruption_rate"":0.1,""missing_rate"":0.1,""nickname_rate"":0.05,""seed"":502}}",500,dblp_acm,1000,500,0.001001001001001001,0.9971420320641282,0.7990920793340861,0.004088186860452732,0.998,0.008143016832709144,0.7867095391211146,0.9979490637779236,0.0,0.12255510687828064,6.37127233389765,5.822797917062417,3.249224792001769,3.0843632499454543,0.017563208006322384,31.81546591699589,50.345435332972556,3663.109375,152.01611328125,True,290.0,290.0,290.0,6.0,6.0,6.0
20260721_200947_seed1337_bda60282,2026-07-21T20:09:47.192362-04:00,bda60282,completed,1500,1337,1500,100,16,0.004,AdamWScheduleFree,0.0,1.0,,96,4,192,3,512,entity_target_column,pair_mlp,300,1,sentence_transformer,wag,False,llama3.2:1b,0.1,,"[""nc_voters_shared"",""nc_voters_changed"",""fodors_zagats"",""dblp_acm"",""amazon_google_price_numeric""]",250,0.05,6,1.0,True,True,True,"{""person_dgp"":{""corruption_rate"":0.1,""missing_rate"":0.1,""nickname_rate"":0.05,""seed"":502}}",500,fodors_zagats,224,112,0.004484304932735426,0.8444703472605258,0.18460535787094087,0.03492063492063492,0.19642857142857142,0.05929919137466307,0.2814814814814815,0.9982838034629822,0.01957060987084082,0.12255510687828064,6.37127233389765,5.822797917062417,3.249224792001769,3.0843632499454543,0.017563208006322384,31.81546591699589,50.345435332972556,3663.109375,152.01611328125,True,290.0,290.0,290.0,6.0,6.0,6.0
20260721_200947_seed1337_bda60282,2026-07-21T20:09:47.192362-04:00,bda60282,completed,1500,1337,1500,100,16,0.004,AdamWScheduleFree,0.0,1.0,,96,4,192,3,512,entity_target_column,pair_mlp,300,1,sentence_transformer,wag,False,llama3.2:1b,0.1,,"[""nc_voters_shared"",""nc_voters_changed"",""fodors_zagats"",""dblp_acm"",""amazon_google_price_numeric""]",250,0.05,6,1.0,True,True,True,"{""person_dgp"":{""corruption_rate"":0.1,""missing_rate"":0.1,""nickname_rate"":0.05,""seed"":502}}",500,amazon_google_price_numeric,1080,500,0.0011653451412487557,0.9363421388587762,0.04528476805935374,0.0011773249991727376,0.9955817378497791,0.002351868796337208,0.12031872509960159,0.9995043277740479,0.0,0.12255510687828064,6.37127233389765,5.822797917062417,3.249224792001769,3.0843632499454543,0.017563208006322384,31.81546591699589,50.345435332972556,3663.109375,152.01611328125,True,290.0,290.0,290.0,6.0,6.0,6.0
20260721_200947_seed1337_bda60282,2026-07-21T20:09:47.192362-04:00,bda60282,completed,1500,1337,1500,100,16,0.004,AdamWScheduleFree,0.0,1.0,,96,4,192,3,512,entity_target_column,pair_mlp,300,1,sentence_transformer,wag,False,llama3.2:1b,0.1,,"[""nc_voters_shared"",""nc_voters_changed"",""fodors_zagats"",""dblp_acm"",""amazon_google_price_numeric""]",250,0.05,6,1.0,True,True,True,"{""person_dgp"":{""corruption_rate"":0.1,""missing_rate"":0.1,""nickname_rate"":0.05,""seed"":502}}",500,person_dgp,250,58,0.03203212851405623,0.9997513451134071,0.9938670050637395,0.8267451640033642,0.9859578736208626,0.8993595608417201,0.9666329625884733,0.8721166253089905,0.12162624479460915,0.12255510687828064,6.37127233389765,5.822797917062417,3.249224792001769,3.0843632499454543,0.017563208006322384,31.81546591699589,50.345435332972556,3663.109375,152.01611328125,True,290.0,290.0,290.0,6.0,6.0,6.0
20260721_200947_seed1337_bda60282,2026-07-21T20:09:47.192362-04:00,bda60282,completed,1500,1337,1500,100,16,0.004,AdamWScheduleFree,0.0,1.0,,96,4,192,3,512,entity_target_column,pair_mlp,300,1,sentence_transformer,wag,False,llama3.2:1b,0.1,,"[""nc_voters_shared"",""nc_voters_changed"",""fodors_zagats"",""dblp_acm"",""amazon_google_price_numeric""]",250,0.05,6,1.0,True,True,True,"{""person_dgp"":{""corruption_rate"":0.1,""missing_rate"":0.1,""nickname_rate"":0.05,""seed"":502}}",600,nc_voters_shared,805,200,0.0041778684218658265,0.9965052120574787,0.8845598959926226,0.0825665257398657,0.9822485207100592,0.15232851571461345,0.8584142394822007,0.9901701807975769,6.284981591306401e-05,0.07583006471395493,1.923969166004099,1.2195551249897107,0.2120838339906186,0.22799416701309383,0.010774666094221175,10.89211850007996,14.57720520789735,3663.109375,103.734619140625,True,54.0,54.0,54.0,7.0,7.0,7.0
20260721_200947_seed1337_bda60282,2026-07-21T20:09:47.192362-04:00,bda60282,completed,1500,1337,1500,100,16,0.004,AdamWScheduleFree,0.0,1.0,,96,4,192,3,512,entity_target_column,pair_mlp,300,1,sentence_transformer,wag,False,llama3.2:1b,0.1,,"[""nc_voters_shared"",""nc_voters_changed"",""fodors_zagats"",""dblp_acm"",""amazon_google_price_numeric""]",250,0.05,6,1.0,True,True,True,"{""person_dgp"":{""corruption_rate"":0.1,""missing_rate"":0.1,""nickname_rate"":0.05,""seed"":502}}",600,nc_voters_changed,846,200,0.004135017555639487,0.9899642266091018,0.7908858956872699,0.048459804658151764,0.9600811907983762,0.0922626788036411,0.7539936102236422,0.993916928768158,-2.8492431118815487e-06,0.07583006471395493,1.923969166004099,1.2195551249897107,0.2120838339906186,0.22799416701309383,0.010774666094221175,10.89211850007996,14.57720520789735,3663.109375,103.734619140625,True,54.0,54.0,54.0,7.0,7.0,7.0
20260721_200947_seed1337_bda60282,2026-07-21T20:09:47.192362-04:00,bda60282,completed,1500,1337,1500,100,16,0.004,AdamWScheduleFree,0.0,1.0,,96,4,192,3,512,entity_target_column,pair_mlp,300,1,sentence_transformer,wag,False,llama3.2:1b,0.1,,"[""nc_voters_shared"",""nc_voters_changed"",""fodors_zagats"",""dblp_acm"",""amazon_google_price_numeric""]",250,0.05,6,1.0,True,True,True,"{""person_dgp"":{""corruption_rate"":0.1,""missing_rate"":0.1,""nickname_rate"":0.05,""seed"":502}}",600,dblp_acm,1000,500,0.001001001001001001,0.9977999278557114,0.8332233940176219,0.00409688013136289,0.998,0.008160261651676206,0.8220858895705522,0.9982185959815979,0.0,0.07583006471395493,1.923969166004099,1.2195551249897107,0.2120838339906186,0.22799416701309383,0.010774666094221175,10.89211850007996,14.57720520789735,3663.109375,103.734619140625,True,54.0,54.0,54.0,7.0,7.0,7.0
20260721_200947_seed1337_bda60282,2026-07-21T20:09:47.192362-04:00,bda60282,completed,1500,1337,1500,100,16,0.004,AdamWScheduleFree,0.0,1.0,,96,4,192,3,512,entity_target_column,pair_mlp,300,1,sentence_transformer,wag,False,llama3.2:1b,0.1,,"[""nc_voters_shared"",""nc_voters_changed"",""fodors_zagats"",""dblp_acm"",""amazon_google_price_numeric""]",250,0.05,6,1.0,True,True,True,"{""person_dgp"":{""corruption_rate"":0.1,""missing_rate"":0.1,""nickname_rate"":0.05,""seed"":502}}",600,fodors_zagats,224,112,0.004484304932735426,0.8580093566142674,0.19074619364467194,0.047619047619047616,0.21428571428571427,0.07792207792207792,0.2835820895522388,0.9981551766395569,0.016804010781475136,0.07583006471395493,1.923969166004099,1.2195551249897107,0.2120838339906186,0.22799416701309383,0.010774666094221175,10.89211850007996,14.57720520789735,3663.109375,103.734619140625,True,54.0,54.0,54.0,7.0,7.0,7.0
20260721_200947_seed1337_bda60282,2026-07-21T20:09:47.192362-04:00,bda60282,completed,1500,1337,1500,100,16,0.004,AdamWScheduleFree,0.0,1.0,,96,4,192,3,512,entity_target_column,pair_mlp,300,1,sentence_transformer,wag,False,llama3.2:1b,0.1,,"[""nc_voters_shared"",""nc_voters_changed"",""fodors_zagats"",""dblp_acm"",""amazon_google_price_numeric""]",250,0.05,6,1.0,True,True,True,"{""person_dgp"":{""corruption_rate"":0.1,""missing_rate"":0.1,""nickname_rate"":0.05,""seed"":502}}",600,amazon_google_price_numeric,1080,500,0.0011653451412487557,0.944230394951959,0.08755293793225513,0.001177880929480478,0.9955817378497791,0.002352978031330111,0.16461232604373757,0.9996356964111328,0.0,0.07583006471395493,1.923969166004099,1.2195551249897107,0.2120838339906186,0.22799416701309383,0.010774666094221175,10.89211850007996,14.57720520789735,3663.109375,103.734619140625,True,54.0,54.0,54.0,7.0,7.0,7.0
20260721_200947_seed1337_bda60282,2026-07-21T20:09:47.192362-04:00,bda60282,completed,1500,1337,1500,100,16,0.004,AdamWScheduleFree,0.0,1.0,,96,4,192,3,512,entity_target_column,pair_mlp,300,1,sentence_transformer,wag,False,llama3.2:1b,0.1,,"[""nc_voters_shared"",""nc_voters_changed"",""fodors_zagats"",""dblp_acm"",""amazon_google_price_numeric""]",250,0.05,6,1.0,True,True,True,"{""person_dgp"":{""corruption_rate"":0.1,""missing_rate"":0.1,""nickname_rate"":0.05,""seed"":502}}",600,person_dgp,250,58,0.03203212851405623,0.9998401670758426,0.9960947453776029,0.8317914213624895,0.9919759277833501,0.9048490393412626,0.978658536585366,0.8961008787155151,0.11438676571812638,0.07583006471395493,1.923969166004099,1.2195551249897107,0.2120838339906186,0.22799416701309383,0.010774666094221175,10.89211850007996,14.57720520789735,3663.109375,103.734619140625,True,54.0,54.0,54.0,7.0,7.0,7.0
20260721_200947_seed1337_bda60282,2026-07-21T20:09:47.192362-04:00,bda60282,completed,1500,1337,1500,100,16,0.004,AdamWScheduleFree,0.0,1.0,,96,4,192,3,512,entity_target_column,pair_mlp,300,1,sentence_transformer,wag,False,llama3.2:1b,0.1,,"[""nc_voters_shared"",""nc_voters_changed"",""fodors_zagats"",""dblp_acm"",""amazon_google_price_numeric""]",250,0.05,6,1.0,True,True,True,"{""person_dgp"":{""corruption_rate"":0.1,""missing_rate"":0.1,""nickname_rate"":0.05,""seed"":502}}",700,nc_voters_shared,805,200,0.0041778684218658265,0.9973366372880474,0.8998523504093305,0.09025417969280956,0.9822485207100592,0.16531806299016558,0.8549810844892811,0.9956318140029907,0.0,0.060378480702638626,4.874729834031314,7.957313333987258,6.9270557089475915,0.4976176250493154,0.016509249922819436,12.404802625067532,38.034750125021674,3663.109375,167.213623046875,True,285.0,285.0,285.0,9.0,9.0,9.0
20260721_200947_seed1337_bda60282,2026-07-21T20:09:47.192362-04:00,bda60282,completed,1500,1337,1500,100,16,0.004,AdamWScheduleFree,0.0,1.0,,96,4,192,3,512,entity_target_column,pair_mlp,300,1,sentence_transformer,wag,False,llama3.2:1b,0.1,,"[""nc_voters_shared"",""nc_voters_changed"",""fodors_zagats"",""dblp_acm"",""amazon_google_price_numeric""]",250,0.05,6,1.0,True,True,True,"{""person_dgp"":{""corruption_rate"":0.1,""missing_rate"":0.1,""nickname_rate"":0.05,""seed"":502}}",700,nc_voters_changed,846,200,0.004135017555639487,0.9926882199357046,0.8171610894498937,0.049743126909191894,0.969553450608931,0.09463118272469127,0.776470588235294,0.9941971302032471,5.630325963989101e-05,0.060378480702638626,4.874729834031314,7.957313333987258,6.9270557089475915,0.4976176250493154,0.016509249922819436,12.404802625067532,38.034750125021674,3663.109375,167.213623046875,True,285.0,285.0,285.0,9.0,9.0,9.0
20260721_200947_seed1337_bda60282,2026-07-21T20:09:47.192362-04:00,bda60282,completed,1500,1337,1500,100,16,0.004,AdamWScheduleFree,0.0,1.0,,96,4,192,3,512,entity_target_column,pair_mlp,300,1,sentence_transformer,wag,False,llama3.2:1b,0.1,,"[""nc_voters_shared"",""nc_voters_changed"",""fodors_zagats"",""dblp_acm"",""amazon_google_price_numeric""]",250,0.05,6,1.0,True,True,True,"{""person_dgp"":{""corruption_rate"":0.1,""missing_rate"":0.1,""nickname_rate"":0.05,""seed"":502}}",700,dblp_acm,1000,500,0.001001001001001001,0.9984960681362726,0.8604842177643411,0.00479020072764973,0.998,0.009534637101011741,0.8673267326732672,0.9981926083564758,0.0,0.060378480702638626,4.874729834031314,7.957313333987258,6.9270557089475915,0.4976176250493154,0.016509249922819436,12.404802625067532,38.034750125021674,3663.109375,167.213623046875,True,285.0,285.0,285.0,9.0,9.0,9.0
20260721_200947_seed1337_bda60282,2026-07-21T20:09:47.192362-04:00,bda60282,completed,1500,1337,1500,100,16,0.004,AdamWScheduleFree,0.0,1.0,,96,4,192,3,512,entity_target_column,pair_mlp,300,1,sentence_transformer,wag,False,llama3.2:1b,0.1,,"[""nc_voters_shared"",""nc_voters_changed"",""fodors_zagats"",""dblp_acm"",""amazon_google_price_numeric""]",250,0.05,6,1.0,True,True,True,"{""person_dgp"":{""corruption_rate"":0.1,""missing_rate"":0.1,""nickname_rate"":0.05,""seed"":502}}",700,fodors_zagats,224,112,0.004484304932735426,0.8767358717135503,0.19991776488874963,0.05077262693156733,0.20535714285714285,0.08141592920353982,0.2878787878787879,0.9987169504165649,0.014442023185364191,0.060378480702638626,4.874729834031314,7.957313333987258,6.9270557089475915,0.4976176250493154,0.016509249922819436,12.404802625067532,38.034750125021674,3663.109375,167.213623046875,True,285.0,285.0,285.0,9.0,9.0,9.0
20260721_200947_seed1337_bda60282,2026-07-21T20:09:47.192362-04:00,bda60282,completed,1500,1337,1500,100,16,0.004,AdamWScheduleFree,0.0,1.0,,96,4,192,3,512,entity_target_column,pair_mlp,300,1,sentence_transformer,wag,False,llama3.2:1b,0.1,,"[""nc_voters_shared"",""nc_voters_changed"",""fodors_zagats"",""dblp_acm"",""amazon_google_price_numeric""]",250,0.05,6,1.0,True,True,True,"{""person_dgp"":{""corruption_rate"":0.1,""missing_rate"":0.1,""nickname_rate"":0.05,""seed"":502}}",700,amazon_google_price_numeric,1080,500,0.0011653451412487557,0.9479760711357761,0.1243635124536701,0.0011800893097175815,0.9955817378497791,0.0023573843495484875,0.22549869904596706,0.9997488856315613,0.0,0.060378480702638626,4.874729834031314,7.957313333987258,6.9270557089475915,0.4976176250493154,0.016509249922819436,12.404802625067532,38.034750125021674,3663.109375,167.213623046875,True,285.0,285.0,285.0,9.0,9.0,9.0
20260721_200947_seed1337_bda60282,2026-07-21T20:09:47.192362-04:00,bda60282,completed,1500,1337,1500,100,16,0.004,AdamWScheduleFree,0.0,1.0,,96,4,192,3,512,entity_target_column,pair_mlp,300,1,sentence_transformer,wag,False,llama3.2:1b,0.1,,"[""nc_voters_shared"",""nc_voters_changed"",""fodors_zagats"",""dblp_acm"",""amazon_google_price_numeric""]",250,0.05,6,1.0,True,True,True,"{""person_dgp"":{""corruption_rate"":0.1,""missing_rate"":0.1,""nickname_rate"":0.05,""seed"":502}}",700,person_dgp,250,58,0.03203212851405623,0.9999151064451987,0.9978563970481302,0.8718173836698858,0.995987963891675,0.9297752808988764,0.983358547655068,0.8882505297660828,0.12121720702756926,0.060378480702638626,4.874729834031314,7.957313333987258,6.9270557089475915,0.4976176250493154,0.016509249922819436,12.404802625067532,38.034750125021674,3663.109375,167.213623046875,True,285.0,285.0,285.0,9.0,9.0,9.0
20260721_200947_seed1337_bda60282,2026-07-21T20:09:47.192362-04:00,bda60282,completed,1500,1337,1500,100,16,0.004,AdamWScheduleFree,0.0,1.0,,96,4,192,3,512,entity_target_column,pair_mlp,300,1,sentence_transformer,wag,False,llama3.2:1b,0.1,,"[""nc_voters_shared"",""nc_voters_changed"",""fodors_zagats"",""dblp_acm"",""amazon_google_price_numeric""]",250,0.05,6,1.0,True,True,True,"{""person_dgp"":{""corruption_rate"":0.1,""missing_rate"":0.1,""nickname_rate"":0.05,""seed"":502}}",800,nc_voters_shared,805,200,0.0041778684218658265,0.9973475233982284,0.9111969448268125,0.09280936454849498,0.985207100591716,0.1696383087111564,0.8645669291338582,0.9919241070747375,0.00010516685374260474,0.17930784821510315,3.1595222080359235,1.9625862499233335,0.516656041960232,0.2647048330400139,0.014209083979949355,25.445738875074312,31.351638082996942,3663.109375,115.2578125,True,163.0,163.0,163.0,4.0,4.0,4.0
20260721_200947_seed1337_bda60282,2026-07-21T20:09:47.192362-04:00,bda60282,completed,1500,1337,1500,100,16,0.004,AdamWScheduleFree,0.0,1.0,,96,4,192,3,512,entity_target_column,pair_mlp,300,1,sentence_transformer,wag,False,llama3.2:1b,0.1,,"[""nc_voters_shared"",""nc_voters_changed"",""fodors_zagats"",""dblp_acm"",""amazon_google_price_numeric""]",250,0.05,6,1.0,True,True,True,"{""person_dgp"":{""corruption_rate"":0.1,""missing_rate"":0.1,""nickname_rate"":0.05,""seed"":502}}",800,nc_voters_changed,846,200,0.004135017555639487,0.9937285361773962,0.824356315132199,0.053175775480059084,0.9742895805142084,0.10084739827719028,0.7709147771696638,0.9946660995483398,0.0,0.17930784821510315,3.1595222080359235,1.9625862499233335,0.516656041960232,0.2647048330400139,0.014209083979949355,25.445738875074312,31.351638082996942,3663.109375,115.2578125,True,163.0,163.0,163.0,4.0,4.0,4.0
20260721_200947_seed1337_bda60282,2026-07-21T20:09:47.192362-04:00,bda60282,completed,1500,1337,1500,100,16,0.004,AdamWScheduleFree,0.0,1.0,,96,4,192,3,512,entity_target_column,pair_mlp,300,1,sentence_transformer,wag,False,llama3.2:1b,0.1,,"[""nc_voters_shared"",""nc_voters_changed"",""fodors_zagats"",""dblp_acm"",""amazon_google_price_numeric""]",250,0.05,6,1.0,True,True,True,"{""person_dgp"":{""corruption_rate"":0.1,""missing_rate"":0.1,""nickname_rate"":0.05,""seed"":502}}",800,dblp_acm,1000,500,0.001001001001001001,0.9987386472945892,0.8497617117025565,0.005325664376630985,1.0,0.01059490385124755,0.8366701791359327,0.9985653758049011,0.0,0.17930784821510315,3.1595222080359235,1.9625862499233335,0.516656041960232,0.2647048330400139,0.014209083979949355,25.445738875074312,31.351638082996942,3663.109375,115.2578125,True,163.0,163.0,163.0,4.0,4.0,4.0
20260721_200947_seed1337_bda60282,2026-07-21T20:09:47.192362-04:00,bda60282,completed,1500,1337,1500,100,16,0.004,AdamWScheduleFree,0.0,1.0,,96,4,192,3,512,entity_target_column,pair_mlp,300,1,sentence_transformer,wag,False,llama3.2:1b,0.1,,"[""nc_voters_shared"",""nc_voters_changed"",""fodors_zagats"",""dblp_acm"",""amazon_google_price_numeric""]",250,0.05,6,1.0,True,True,True,"{""person_dgp"":{""corruption_rate"":0.1,""missing_rate"":0.1,""nickname_rate"":0.05,""seed"":502}}",800,fodors_zagats,224,112,0.004484304932735426,0.9045457287644788,0.2032994854762857,0.05506607929515418,0.22321428571428573,0.08833922261484099,0.29411764705882354,0.9979534149169922,0.023738761372261837,0.17930784821510315,3.1595222080359235,1.9625862499233335,0.516656041960232,0.2647048330400139,0.014209083979949355,25.445738875074312,31.351638082996942,3663.109375,115.2578125,True,163.0,163.0,163.0,4.0,4.0,4.0
20260721_200947_seed1337_bda60282,2026-07-21T20:09:47.192362-04:00,bda60282,completed,1500,1337,1500,100,16,0.004,AdamWScheduleFree,0.0,1.0,,96,4,192,3,512,entity_target_column,pair_mlp,300,1,sentence_transformer,wag,False,llama3.2:1b,0.1,,"[""nc_voters_shared"",""nc_voters_changed"",""fodors_zagats"",""dblp_acm"",""amazon_google_price_numeric""]",250,0.05,6,1.0,True,True,True,"{""person_dgp"":{""corruption_rate"":0.1,""missing_rate"":0.1,""nickname_rate"":0.05,""seed"":502}}",800,amazon_google_price_numeric,1080,500,0.0011653451412487557,0.9477527087988102,0.13124620541363116,0.0011809304194399315,0.9955817378497791,0.0023590625866981674,0.23750000000000002,0.9998171925544739,0.0,0.17930784821510315,3.1595222080359235,1.9625862499233335,0.516656041960232,0.2647048330400139,0.014209083979949355,25.445738875074312,31.351638082996942,3663.109375,115.2578125,True,163.0,163.0,163.0,4.0,4.0,4.0
20260721_200947_seed1337_bda60282,2026-07-21T20:09:47.192362-04:00,bda60282,completed,1500,1337,1500,100,16,0.004,AdamWScheduleFree,0.0,1.0,,96,4,192,3,512,entity_target_column,pair_mlp,300,1,sentence_transformer,wag,False,llama3.2:1b,0.1,,"[""nc_voters_shared"",""nc_voters_changed"",""fodors_zagats"",""dblp_acm"",""amazon_google_price_numeric""]",250,0.05,6,1.0,True,True,True,"{""person_dgp"":{""corruption_rate"":0.1,""missing_rate"":0.1,""nickname_rate"":0.05,""seed"":502}}",800,person_dgp,250,58,0.03203212851405623,0.9999111114543844,0.9979240453716836,0.8787610619469026,0.995987963891675,0.9337094499294781,0.9863567458312279,0.8729752898216248,0.15716479554605706,0.17930784821510315,3.1595222080359235,1.9625862499233335,0.516656041960232,0.2647048330400139,0.014209083979949355,25.445738875074312,31.351638082996942,3663.109375,115.2578125,True,163.0,163.0,163.0,4.0,4.0,4.0
20260721_200947_seed1337_bda60282,2026-07-21T20:09:47.192362-04:00,bda60282,completed,1500,1337,1500,100,16,0.004,AdamWScheduleFree,0.0,1.0,,96,4,192,3,512,entity_target_column,pair_mlp,300,1,sentence_transformer,wag,False,llama3.2:1b,0.1,,"[""nc_voters_shared"",""nc_voters_changed"",""fodors_zagats"",""dblp_acm"",""amazon_google_price_numeric""]",250,0.05,6,1.0,True,True,True,"{""person_dgp"":{""corruption_rate"":0.1,""missing_rate"":0.1,""nickname_rate"":0.05,""seed"":502}}",900,nc_voters_shared,805,200,0.0041778684218658265,0.996981334206805,0.914236255534766,0.09117062812521405,0.9844674556213018,0.16688608864647986,0.8819581523884722,0.9926033616065979,6.284981591306401e-05,0.043769169598817825,2.201715915929526,1.8923677919665352,0.34526391699910164,0.28247612493578345,0.015126959071494639,27.7491908329539,32.47545699996408,3663.109375,108.269287109375,True,78.0,78.0,78.0,7.0,7.0,7.0
20260721_200947_seed1337_bda60282,2026-07-21T20:09:47.192362-04:00,bda60282,completed,1500,1337,1500,100,16,0.004,AdamWScheduleFree,0.0,1.0,,96,4,192,3,512,entity_target_column,pair_mlp,300,1,sentence_transformer,wag,False,llama3.2:1b,0.1,,"[""nc_voters_shared"",""nc_voters_changed"",""fodors_zagats"",""dblp_acm"",""amazon_google_price_numeric""]",250,0.05,6,1.0,True,True,True,"{""person_dgp"":{""corruption_rate"":0.1,""missing_rate"":0.1,""nickname_rate"":0.05,""seed"":502}}",900,nc_voters_changed,846,200,0.004135017555639487,0.9942963426315542,0.8328929864920112,0.04783411353596624,0.9817320703653586,0.09122343769646674,0.789947486871718,0.9941131472587585,0.0,0.043769169598817825,2.201715915929526,1.8923677919665352,0.34526391699910164,0.28247612493578345,0.015126959071494639,27.7491908329539,32.47545699996408,3663.109375,108.269287109375,True,78.0,78.0,78.0,7.0,7.0,7.0
20260721_200947_seed1337_bda60282,2026-07-21T20:09:47.192362-04:00,bda60282,completed,1500,1337,1500,100,16,0.004,AdamWScheduleFree,0.0,1.0,,96,4,192,3,512,entity_target_column,pair_mlp,300,1,sentence_transformer,wag,False,llama3.2:1b,0.1,,"[""nc_voters_shared"",""nc_voters_changed"",""fodors_zagats"",""dblp_acm"",""amazon_google_price_numeric""]",250,0.05,6,1.0,True,True,True,"{""person_dgp"":{""corruption_rate"":0.1,""missing_rate"":0.1,""nickname_rate"":0.05,""seed"":502}}",900,dblp_acm,1000,500,0.001001001001001001,0.9989295370741482,0.8386207606637706,0.0056184194262470085,1.0,0.011174058306236242,0.8229571984435797,0.9982725381851196,0.0,0.043769169598817825,2.201715915929526,1.8923677919665352,0.34526391699910164,0.28247612493578345,0.015126959071494639,27.7491908329539,32.47545699996408,3663.109375,108.269287109375,True,78.0,78.0,78.0,7.0,7.0,7.0
20260721_200947_seed1337_bda60282,2026-07-21T20:09:47.192362-04:00,bda60282,completed,1500,1337,1500,100,16,0.004,AdamWScheduleFree,0.0,1.0,,96,4,192,3,512,entity_target_column,pair_mlp,300,1,sentence_transformer,wag,False,llama3.2:1b,0.1,,"[""nc_voters_shared"",""nc_voters_changed"",""fodors_zagats"",""dblp_acm"",""amazon_google_price_numeric""]",250,0.05,6,1.0,True,True,True,"{""person_dgp"":{""corruption_rate"":0.1,""missing_rate"":0.1,""nickname_rate"":0.05,""seed"":502}}",900,fodors_zagats,224,112,0.004484304932735426,0.9246371690568119,0.20794219078121529,0.061386138613861385,0.2767857142857143,0.10048622366288493,0.2878787878787879,0.9994662404060364,0.007317519360936642,0.043769169598817825,2.201715915929526,1.8923677919665352,0.34526391699910164,0.28247612493578345,0.015126959071494639,27.7491908329539,32.47545699996408,3663.109375,108.269287109375,True,78.0,78.0,78.0,7.0,7.0,7.0
20260721_200947_seed1337_bda60282,2026-07-21T20:09:47.192362-04:00,bda60282,completed,1500,1337,1500,100,16,0.004,AdamWScheduleFree,0.0,1.0,,96,4,192,3,512,entity_target_column,pair_mlp,300,1,sentence_transformer,wag,False,llama3.2:1b,0.1,,"[""nc_voters_shared"",""nc_voters_changed"",""fodors_zagats"",""dblp_acm"",""amazon_google_price_numeric""]",250,0.05,6,1.0,True,True,True,"{""person_dgp"":{""corruption_rate"":0.1,""missing_rate"":0.1,""nickname_rate"":0.05,""seed"":502}}",900,amazon_google_price_numeric,1080,500,0.0011653451412487557,0.9481997864897476,0.1356035918077941,0.0011809758074660033,0.9955817378497791,0.0023591531477768646,0.2380038387715931,0.9998626708984375,0.0,0.043769169598817825,2.201715915929526,1.8923677919665352,0.34526391699910164,0.28247612493578345,0.015126959071494639,27.7491908329539,32.47545699996408,3663.109375,108.269287109375,True,78.0,78.0,78.0,7.0,7.0,7.0
20260721_200947_seed1337_bda60282,2026-07-21T20:09:47.192362-04:00,bda60282,completed,1500,1337,1500,100,16,0.004,AdamWScheduleFree,0.0,1.0,,96,4,192,3,512,entity_target_column,pair_mlp,300,1,sentence_transformer,wag,False,llama3.2:1b,0.1,,"[""nc_voters_shared"",""nc_voters_changed"",""fodors_zagats"",""dblp_acm"",""amazon_google_price_numeric""]",250,0.05,6,1.0,True,True,True,"{""person_dgp"":{""corruption_rate"":0.1,""missing_rate"":0.1,""nickname_rate"":0.05,""seed"":502}}",900,person_dgp,250,58,0.03203212851405623,0.9998658348918237,0.9971809501227767,0.8813559322033898,0.9909729187562688,0.9329556185080264,0.9832402234636872,0.8896200060844421,0.10685177453530025,0.043769169598817825,2.201715915929526,1.8923677919665352,0.34526391699910164,0.28247612493578345,0.015126959071494639,27.7491908329539,32.47545699996408,3663.109375,108.269287109375,True,78.0,78.0,78.0,7.0,7.0,7.0
20260721_200947_seed1337_bda60282,2026-07-21T20:09:47.192362-04:00,bda60282,completed,1500,1337,1500,100,16,0.004,AdamWScheduleFree,0.0,1.0,,96,4,192,3,512,entity_target_column,pair_mlp,300,1,sentence_transformer,wag,False,llama3.2:1b,0.1,,"[""nc_voters_shared"",""nc_voters_changed"",""fodors_zagats"",""dblp_acm"",""amazon_google_price_numeric""]",250,0.05,6,1.0,True,True,True,"{""person_dgp"":{""corruption_rate"":0.1,""missing_rate"":0.1,""nickname_rate"":0.05,""seed"":502}}",1000,nc_voters_shared,805,200,0.0041778684218658265,0.9973894474312379,0.9213057968960767,0.11082409799183401,0.9837278106508875,0.19920617089792556,0.884585592563904,0.9901718497276306,6.284981591306401e-05,0.15671710669994354,1.7176830830285326,0.9555513330269605,0.38809195905923843,0.17948037502355874,0.01137462502811104,16.873473708052188,20.211680957931094,3663.109375,102.5751953125,True,80.0,80.0,80.0,4.0,4.0,4.0
20260721_200947_seed1337_bda60282,2026-07-21T20:09:47.192362-04:00,bda60282,completed,1500,1337,1500,100,16,0.004,AdamWScheduleFree,0.0,1.0,,96,4,192,3,512,entity_target_column,pair_mlp,300,1,sentence_transformer,wag,False,llama3.2:1b,0.1,,"[""nc_voters_shared"",""nc_voters_changed"",""fodors_zagats"",""dblp_acm"",""amazon_google_price_numeric""]",250,0.05,6,1.0,True,True,True,"{""person_dgp"":{""corruption_rate"":0.1,""missing_rate"":0.1,""nickname_rate"":0.05,""seed"":502}}",1000,nc_voters_changed,846,200,0.004135017555639487,0.9951390697808321,0.8499475699282155,0.0549667616334283,0.9790257104194858,0.1040894867460346,0.7998430141287285,0.9962477087974548,0.0,0.15671710669994354,1.7176830830285326,0.9555513330269605,0.38809195905923843,0.17948037502355874,0.01137462502811104,16.873473708052188,20.211680957931094,3663.109375,102.5751953125,True,80.0,80.0,80.0,4.0,4.0,4.0
20260721_200947_seed1337_bda60282,2026-07-21T20:09:47.192362-04:00,bda60282,completed,1500,1337,1500,100,16,0.004,AdamWScheduleFree,0.0,1.0,,96,4,192,3,512,entity_target_column,pair_mlp,300,1,sentence_transformer,wag,False,llama3.2:1b,0.1,,"[""nc_voters_shared"",""nc_voters_changed"",""fodors_zagats"",""dblp_acm"",""amazon_google_price_numeric""]",250,0.05,6,1.0,True,True,True,"{""person_dgp"":{""corruption_rate"":0.1,""missing_rate"":0.1,""nickname_rate"":0.05,""seed"":502}}",1000,dblp_acm,1000,500,0.001001001001001001,0.9988358276553106,0.8506216003337878,0.005593466830741693,1.0,0.01112470797641562,0.8429423459244534,0.9986118078231812,0.0,0.15671710669994354,1.7176830830285326,0.9555513330269605,0.38809195905923843,0.17948037502355874,0.01137462502811104,16.873473708052188,20.211680957931094,3663.109375,102.5751953125,True,80.0,80.0,80.0,4.0,4.0,4.0
20260721_200947_seed1337_bda60282,2026-07-21T20:09:47.192362-04:00,bda60282,completed,1500,1337,1500,100,16,0.004,AdamWScheduleFree,0.0,1.0,,96,4,192,3,512,entity_target_column,pair_mlp,300,1,sentence_transformer,wag,False,llama3.2:1b,0.1,,"[""nc_voters_shared"",""nc_voters_changed"",""fodors_zagats"",""dblp_acm"",""amazon_google_price_numeric""]",250,0.05,6,1.0,True,True,True,"{""person_dgp"":{""corruption_rate"":0.1,""missing_rate"":0.1,""nickname_rate"":0.05,""seed"":502}}",1000,fodors_zagats,224,112,0.004484304932735426,0.9426695509284795,0.2229229858733908,0.06903353057199212,0.3125,0.11308562197092084,0.2957746478873239,0.9987310767173767,0.006015064819669917,0.15671710669994354,1.7176830830285326,0.9555513330269605,0.38809195905923843,0.17948037502355874,0.01137462502811104,16.873473708052188,20.211680957931094,3663.109375,102.5751953125,True,80.0,80.0,80.0,4.0,4.0,4.0
20260721_200947_seed1337_bda60282,2026-07-21T20:09:47.192362-04:00,bda60282,completed,1500,1337,1500,100,16,0.004,AdamWScheduleFree,0.0,1.0,,96,4,192,3,512,entity_target_column,pair_mlp,300,1,sentence_transformer,wag,False,llama3.2:1b,0.1,,"[""nc_voters_shared"",""nc_voters_changed"",""fodors_zagats"",""dblp_acm"",""amazon_google_price_numeric""]",250,0.05,6,1.0,True,True,True,"{""person_dgp"":{""corruption_rate"":0.1,""missing_rate"":0.1,""nickname_rate"":0.05,""seed"":502}}",1000,amazon_google_price_numeric,1080,500,0.0011653451412487557,0.9520064295961522,0.14466215227882565,0.0011809283564307314,0.9955817378497791,0.0023590584704506986,0.24175824175824176,0.9998975992202759,0.0,0.15671710669994354,1.7176830830285326,0.9555513330269605,0.38809195905923843,0.17948037502355874,0.01137462502811104,16.873473708052188,20.211680957931094,3663.109375,102.5751953125,True,80.0,80.0,80.0,4.0,4.0,4.0
20260721_200947_seed1337_bda60282,2026-07-21T20:09:47.192362-04:00,bda60282,completed,1500,1337,1500,100,16,0.004,AdamWScheduleFree,0.0,1.0,,96,4,192,3,512,entity_target_column,pair_mlp,300,1,sentence_transformer,wag,False,llama3.2:1b,0.1,,"[""nc_voters_shared"",""nc_voters_changed"",""fodors_zagats"",""dblp_acm"",""amazon_google_price_numeric""]",250,0.05,6,1.0,True,True,True,"{""person_dgp"":{""corruption_rate"":0.1,""missing_rate"":0.1,""nickname_rate"":0.05,""seed"":502}}",1000,person_dgp,250,58,0.03203212851405623,0.9997605668838699,0.9963397077031183,0.9055045871559633,0.9899699097291875,0.9458552946813608,0.9863152559553979,0.8461938500404358,0.14101463287456872,0.15671710669994354,1.7176830830285326,0.9555513330269605,0.38809195905923843,0.17948037502355874,0.01137462502811104,16.873473708052188,20.211680957931094,3663.109375,102.5751953125,True,80.0,80.0,80.0,4.0,4.0,4.0
20260721_200947_seed1337_bda60282,2026-07-21T20:09:47.192362-04:00,bda60282,completed,1500,1337,1500,100,16,0.004,AdamWScheduleFree,0.0,1.0,,96,4,192,3,512,entity_target_column,pair_mlp,300,1,sentence_transformer,wag,False,llama3.2:1b,0.1,,"[""nc_voters_shared"",""nc_voters_changed"",""fodors_zagats"",""dblp_acm"",""amazon_google_price_numeric""]",250,0.05,6,1.0,True,True,True,"{""person_dgp"":{""corruption_rate"":0.1,""missing_rate"":0.1,""nickname_rate"":0.05,""seed"":502}}",1100,nc_voters_shared,805,200,0.0041778684218658265,0.9980300065356138,0.9300817419035696,0.13636829693427663,0.9837278106508875,0.2395317424583521,0.8912959381044487,0.990105926990509,0.000299404785353614,0.04302838817238808,6.321364208008163,3.979476665961556,11.85513012506999,0.573150834068656,0.010760750039480627,17.22414737509098,42.66114950005431,3663.109375,143.48095703125,True,277.0,277.0,277.0,5.0,5.0,5.0
20260721_200947_seed1337_bda60282,2026-07-21T20:09:47.192362-04:00,bda60282,completed,1500,1337,1500,100,16,0.004,AdamWScheduleFree,0.0,1.0,,96,4,192,3,512,entity_target_column,pair_mlp,300,1,sentence_transformer,wag,False,llama3.2:1b,0.1,,"[""nc_voters_shared"",""nc_voters_changed"",""fodors_zagats"",""dblp_acm"",""amazon_google_price_numeric""]",250,0.05,6,1.0,True,True,True,"{""person_dgp"":{""corruption_rate"":0.1,""missing_rate"":0.1,""nickname_rate"":0.05,""seed"":502}}",1100,nc_voters_changed,846,200,0.004135017555639487,0.9957982696842672,0.8676542638818042,0.06887864239197604,0.9803788903924222,0.12871419053964023,0.8151693667157586,0.9924741387367249,5.630325963989101e-05,0.04302838817238808,6.321364208008163,3.979476665961556,11.85513012506999,0.573150834068656,0.010760750039480627,17.22414737509098,42.66114950005431,3663.109375,143.48095703125,True,277.0,277.0,277.0,5.0,5.0,5.0
20260721_200947_seed1337_bda60282,2026-07-21T20:09:47.192362-04:00,bda60282,completed,1500,1337,1500,100,16,0.004,AdamWScheduleFree,0.0,1.0,,96,4,192,3,512,entity_target_column,pair_mlp,300,1,sentence_transformer,wag,False,llama3.2:1b,0.1,,"[""nc_voters_shared"",""nc_voters_changed"",""fodors_zagats"",""dblp_acm"",""amazon_google_price_numeric""]",250,0.05,6,1.0,True,True,True,"{""person_dgp"":{""corruption_rate"":0.1,""missing_rate"":0.1,""nickname_rate"":0.05,""seed"":502}}",1100,dblp_acm,1000,500,0.001001001001001001,0.9988664468937876,0.8785544564653845,0.005666204891785706,0.998,0.01126843258135176,0.8827726809378185,0.9990888833999634,0.0,0.04302838817238808,6.321364208008163,3.979476665961556,11.85513012506999,0.573150834068656,0.010760750039480627,17.22414737509098,42.66114950005431,3663.109375,143.48095703125,True,277.0,277.0,277.0,5.0,5.0,5.0
20260721_200947_seed1337_bda60282,2026-07-21T20:09:47.192362-04:00,bda60282,completed,1500,1337,1500,100,16,0.004,AdamWScheduleFree,0.0,1.0,,96,4,192,3,512,entity_target_column,pair_mlp,300,1,sentence_transformer,wag,False,llama3.2:1b,0.1,,"[""nc_voters_shared"",""nc_voters_changed"",""fodors_zagats"",""dblp_acm"",""amazon_google_price_numeric""]",250,0.05,6,1.0,True,True,True,"{""person_dgp"":{""corruption_rate"":0.1,""missing_rate"":0.1,""nickname_rate"":0.05,""seed"":502}}",1100,fodors_zagats,224,112,0.004484304932735426,0.9485702220077219,0.23149266971320395,0.08273381294964029,0.4107142857142857,0.1377245508982036,0.3007518796992481,0.9995367527008057,0.0006297365027195128,0.04302838817238808,6.321364208008163,3.979476665961556,11.85513012506999,0.573150834068656,0.010760750039480627,17.22414737509098,42.66114950005431,3663.109375,143.48095703125,True,277.0,277.0,277.0,5.0,5.0,5.0
20260721_200947_seed1337_bda60282,2026-07-21T20:09:47.192362-04:00,bda60282,completed,1500,1337,1500,100,16,0.004,AdamWScheduleFree,0.0,1.0,,96,4,192,3,512,entity_target_column,pair_mlp,300,1,sentence_transformer,wag,False,llama3.2:1b,0.1,,"[""nc_voters_shared"",""nc_voters_changed"",""fodors_zagats"",""dblp_acm"",""amazon_google_price_numeric""]",250,0.05,6,1.0,True,True,True,"{""person_dgp"":{""corruption_rate"":0.1,""missing_rate"":0.1,""nickname_rate"":0.05,""seed"":502}}",1100,amazon_google_price_numeric,1080,500,0.0011653451412487557,0.9534928931059268,0.1338780680617327,0.0011793748964121532,0.9955817378497791,0.0023559589031547546,0.24074074074074076,0.9999173879623413,0.0,0.04302838817238808,6.321364208008163,3.979476665961556,11.85513012506999,0.573150834068656,0.010760750039480627,17.22414737509098,42.66114950005431,3663.109375,143.48095703125,True,277.0,277.0,277.0,5.0,5.0,5.0
20260721_200947_seed1337_bda60282,2026-07-21T20:09:47.192362-04:00,bda60282,completed,1500,1337,1500,100,16,0.004,AdamWScheduleFree,0.0,1.0,,96,4,192,3,512,entity_target_column,pair_mlp,300,1,sentence_transformer,wag,False,llama3.2:1b,0.1,,"[""nc_voters_shared"",""nc_voters_changed"",""fodors_zagats"",""dblp_acm"",""amazon_google_price_numeric""]",250,0.05,6,1.0,True,True,True,"{""person_dgp"":{""corruption_rate"":0.1,""missing_rate"":0.1,""nickname_rate"":0.05,""seed"":502}}",1100,person_dgp,250,58,0.03203212851405623,0.9996429809875723,0.9955167372437969,0.8989990900818926,0.9909729187562688,0.9427480916030534,0.9832911392405064,0.8993529081344604,0.1113579583014752,0.04302838817238808,6.321364208008163,3.979476665961556,11.85513012506999,0.573150834068656,0.010760750039480627,17.22414737509098,42.66114950005431,3663.109375,143.48095703125,True,277.0,277.0,277.0,5.0,5.0,5.0
20260721_200947_seed1337_bda60282,2026-07-21T20:09:47.192362-04:00,bda60282,completed,1500,1337,1500,100,16,0.004,AdamWScheduleFree,0.0,1.0,,96,4,192,3,512,entity_target_column,pair_mlp,300,1,sentence_transformer,wag,False,llama3.2:1b,0.1,,"[""nc_voters_shared"",""nc_voters_changed"",""fodors_zagats"",""dblp_acm"",""amazon_google_price_numeric""]",250,0.05,6,1.0,True,True,True,"{""person_dgp"":{""corruption_rate"":0.1,""missing_rate"":0.1,""nickname_rate"":0.05,""seed"":502}}",1200,nc_voters_shared,805,200,0.0041778684218658265,0.9980974485473271,0.9323772907382243,0.150191830286617,0.9844674556213018,0.2606226747601332,0.8903374233128836,0.987461507320404,0.0002518523282605071,0.011650809086859226,5.563957166974433,6.783388374955393,4.879153208923526,0.6482620410388336,0.01658125000540167,24.89996245794464,46.144805125077255,3663.109375,156.505615234375,True,240.0,240.0,240.0,9.0,9.0,9.0
20260721_200947_seed1337_bda60282,2026-07-21T20:09:47.192362-04:00,bda60282,completed,1500,1337,1500,100,16,0.004,AdamWScheduleFree,0.0,1.0,,96,4,192,3,512,entity_target_column,pair_mlp,300,1,sentence_transformer,wag,False,llama3.2:1b,0.1,,"[""nc_voters_shared"",""nc_voters_changed"",""fodors_zagats"",""dblp_acm"",""amazon_google_price_numeric""]",250,0.05,6,1.0,True,True,True,"{""person_dgp"":{""corruption_rate"":0.1,""missing_rate"":0.1,""nickname_rate"":0.05,""seed"":502}}",1200,nc_voters_changed,846,200,0.004135017555639487,0.9963752701302966,0.8797883770450006,0.08213820078226858,0.9803788903924222,0.1515769653224541,0.8300751879699249,0.993314802646637,5.630325963989101e-05,0.011650809086859226,5.563957166974433,6.783388374955393,4.879153208923526,0.6482620410388336,0.01658125000540167,24.89996245794464,46.144805125077255,3663.109375,156.505615234375,True,240.0,240.0,240.0,9.0,9.0,9.0
20260721_200947_seed1337_bda60282,2026-07-21T20:09:47.192362-04:00,bda60282,completed,1500,1337,1500,100,16,0.004,AdamWScheduleFree,0.0,1.0,,96,4,192,3,512,entity_target_column,pair_mlp,300,1,sentence_transformer,wag,False,llama3.2:1b,0.1,,"[""nc_voters_shared"",""nc_voters_changed"",""fodors_zagats"",""dblp_acm"",""amazon_google_price_numeric""]",250,0.05,6,1.0,True,True,True,"{""person_dgp"":{""corruption_rate"":0.1,""missing_rate"":0.1,""nickname_rate"":0.05,""seed"":502}}",1200,dblp_acm,1000,500,0.001001001001001001,0.9988367755511022,0.8993677838987492,0.005762554964128674,0.996,0.01145881270133456,0.9074262461851477,0.9992189407348633,0.0,0.011650809086859226,5.563957166974433,6.783388374955393,4.879153208923526,0.6482620410388336,0.01658125000540167,24.89996245794464,46.144805125077255,3663.109375,156.505615234375,True,240.0,240.0,240.0,9.0,9.0,9.0
20260721_200947_seed1337_bda60282,2026-07-21T20:09:47.192362-04:00,bda60282,completed,1500,1337,1500,100,16,0.004,AdamWScheduleFree,0.0,1.0,,96,4,192,3,512,entity_target_column,pair_mlp,300,1,sentence_transformer,wag,False,llama3.2:1b,0.1,,"[""nc_voters_shared"",""nc_voters_changed"",""fodors_zagats"",""dblp_acm"",""amazon_google_price_numeric""]",250,0.05,6,1.0,True,True,True,"{""person_dgp"":{""corruption_rate"":0.1,""missing_rate"":0.1,""nickname_rate"":0.05,""seed"":502}}",1200,fodors_zagats,224,112,0.004484304932735426,0.9534395683949255,0.23725503925367494,0.09090909090909091,0.39285714285714285,0.1476510067114094,0.3065693430656935,0.9991305470466614,0.0017191333376254591,0.011650809086859226,5.563957166974433,6.783388374955393,4.879153208923526,0.6482620410388336,0.01658125000540167,24.89996245794464,46.144805125077255,3663.109375,156.505615234375,True,240.0,240.0,240.0,9.0,9.0,9.0
20260721_200947_seed1337_bda60282,2026-07-21T20:09:47.192362-04:00,bda60282,completed,1500,1337,1500,100,16,0.004,AdamWScheduleFree,0.0,1.0,,96,4,192,3,512,entity_target_column,pair_mlp,300,1,sentence_transformer,wag,False,llama3.2:1b,0.1,,"[""nc_voters_shared"",""nc_voters_changed"",""fodors_zagats"",""dblp_acm"",""amazon_google_price_numeric""]",250,0.05,6,1.0,True,True,True,"{""person_dgp"":{""corruption_rate"":0.1,""missing_rate"":0.1,""nickname_rate"":0.05,""seed"":502}}",1200,amazon_google_price_numeric,1080,500,0.0011653451412487557,0.9536223567152625,0.11886612289253984,0.001177735229092151,0.9955817378497791,0.0023526873188065333,0.2169408897014016,0.9999349117279053,0.0,0.011650809086859226,5.563957166974433,6.783388374955393,4.879153208923526,0.6482620410388336,0.01658125000540167,24.89996245794464,46.144805125077255,3663.109375,156.505615234375,True,240.0,240.0,240.0,9.0,9.0,9.0
20260721_200947_seed1337_bda60282,2026-07-21T20:09:47.192362-04:00,bda60282,completed,1500,1337,1500,100,16,0.004,AdamWScheduleFree,0.0,1.0,,96,4,192,3,512,entity_target_column,pair_mlp,300,1,sentence_transformer,wag,False,llama3.2:1b,0.1,,"[""nc_voters_shared"",""nc_voters_changed"",""fodors_zagats"",""dblp_acm"",""amazon_google_price_numeric""]",250,0.05,6,1.0,True,True,True,"{""person_dgp"":{""corruption_rate"":0.1,""missing_rate"":0.1,""nickname_rate"":0.05,""seed"":502}}",1200,person_dgp,250,58,0.03203212851405623,0.9995891817779413,0.9951963342281116,0.8972727272727272,0.9899699097291875,0.9413447782546495,0.9797979797979798,0.8975853323936462,0.12459038922644299,0.011650809086859226,5.563957166974433,6.783388374955393,4.879153208923526,0.6482620410388336,0.01658125000540167,24.89996245794464,46.144805125077255,3663.109375,156.505615234375,True,240.0,240.0,240.0,9.0,9.0,9.0
20260721_200947_seed1337_bda60282,2026-07-21T20:09:47.192362-04:00,bda60282,completed,1500,1337,1500,100,16,0.004,AdamWScheduleFree,0.0,1.0,,96,4,192,3,512,entity_target_column,pair_mlp,300,1,sentence_transformer,wag,False,llama3.2:1b,0.1,,"[""nc_voters_shared"",""nc_voters_changed"",""fodors_zagats"",""dblp_acm"",""amazon_google_price_numeric""]",250,0.05,6,1.0,True,True,True,"{""person_dgp"":{""corruption_rate"":0.1,""missing_rate"":0.1,""nickname_rate"":0.05,""seed"":502}}",1300,nc_voters_shared,805,200,0.0041778684218658265,0.9982122128908364,0.9325690829621883,0.1460612691466083,0.9874260355029586,0.25447960350743426,0.8907040062232594,0.9901250600814819,0.00018680604090640925,0.09231791645288467,2.8563610420096666,2.3226241670781747,0.5808760829968378,0.24382220802363008,0.015445416909642518,22.99625308299437,29.003698250046,3663.109375,114.503662109375,True,149.0,149.0,149.0,5.0,5.0,5.0
20260721_200947_seed1337_bda60282,2026-07-21T20:09:47.192362-04:00,bda60282,completed,1500,1337,1500,100,16,0.004,AdamWScheduleFree,0.0,1.0,,96,4,192,3,512,entity_target_column,pair_mlp,300,1,sentence_transformer,wag,False,llama3.2:1b,0.1,,"[""nc_voters_shared"",""nc_voters_changed"",""fodors_zagats"",""dblp_acm"",""amazon_google_price_numeric""]",250,0.05,6,1.0,True,True,True,"{""person_dgp"":{""corruption_rate"":0.1,""missing_rate"":0.1,""nickname_rate"":0.05,""seed"":502}}",1300,nc_voters_changed,846,200,0.004135017555639487,0.9964724827662832,0.8877635463488649,0.0796946229472181,0.9817320703653586,0.14742189484378967,0.8395331874544127,0.9904170036315918,0.0,0.09231791645288467,2.8563610420096666,2.3226241670781747,0.5808760829968378,0.24382220802363008,0.015445416909642518,22.99625308299437,29.003698250046,3663.109375,114.503662109375,True,149.0,149.0,149.0,5.0,5.0,5.0
20260721_200947_seed1337_bda60282,2026-07-21T20:09:47.192362-04:00,bda60282,completed,1500,1337,1500,100,16,0.004,AdamWScheduleFree,0.0,1.0,,96,4,192,3,512,entity_target_column,pair_mlp,300,1,sentence_transformer,wag,False,llama3.2:1b,0.1,,"[""nc_voters_shared"",""nc_voters_changed"",""fodors_zagats"",""dblp_acm"",""amazon_google_price_numeric""]",250,0.05,6,1.0,True,True,True,"{""person_dgp"":{""corruption_rate"":0.1,""missing_rate"":0.1,""nickname_rate"":0.05,""seed"":502}}",1300,dblp_acm,1000,500,0.001001001001001001,0.9985977915831663,0.9061690899182919,0.004940819302927783,0.996,0.009832861105900703,0.9116465863453814,0.9993160963058472,0.0,0.09231791645288467,2.8563610420096666,2.3226241670781747,0.5808760829968378,0.24382220802363008,0.015445416909642518,22.99625308299437,29.003698250046,3663.109375,114.503662109375,True,149.0,149.0,149.0,5.0,5.0,5.0
20260721_200947_seed1337_bda60282,2026-07-21T20:09:47.192362-04:00,bda60282,completed,1500,1337,1500,100,16,0.004,AdamWScheduleFree,0.0,1.0,,96,4,192,3,512,entity_target_column,pair_mlp,300,1,sentence_transformer,wag,False,llama3.2:1b,0.1,,"[""nc_voters_shared"",""nc_voters_changed"",""fodors_zagats"",""dblp_acm"",""amazon_google_price_numeric""]",250,0.05,6,1.0,True,True,True,"{""person_dgp"":{""corruption_rate"":0.1,""missing_rate"":0.1,""nickname_rate"":0.05,""seed"":502}}",1300,fodors_zagats,224,112,0.004484304932735426,0.9613059328461114,0.24699871635994677,0.11037527593818984,0.44642857142857145,0.17699115044247787,0.3065693430656935,0.9991534948348999,0.0027957852117035955,0.09231791645288467,2.8563610420096666,2.3226241670781747,0.5808760829968378,0.24382220802363008,0.015445416909642518,22.99625308299437,29.003698250046,3663.109375,114.503662109375,True,149.0,149.0,149.0,5.0,5.0,5.0
20260721_200947_seed1337_bda60282,2026-07-21T20:09:47.192362-04:00,bda60282,completed,1500,1337,1500,100,16,0.004,AdamWScheduleFree,0.0,1.0,,96,4,192,3,512,entity_target_column,pair_mlp,300,1,sentence_transformer,wag,False,llama3.2:1b,0.1,,"[""nc_voters_shared"",""nc_voters_changed"",""fodors_zagats"",""dblp_acm"",""amazon_google_price_numeric""]",250,0.05,6,1.0,True,True,True,"{""person_dgp"":{""corruption_rate"":0.1,""missing_rate"":0.1,""nickname_rate"":0.05,""seed"":502}}",1300,amazon_google_price_numeric,1080,500,0.0011653451412487557,0.9533021310669949,0.1074047563315163,0.001177130240057951,0.9955817378497791,0.0023514801976495634,0.2074074074074074,0.9999483823776245,0.0,0.09231791645288467,2.8563610420096666,2.3226241670781747,0.5808760829968378,0.24382220802363008,0.015445416909642518,22.99625308299437,29.003698250046,3663.109375,114.503662109375,True,149.0,149.0,149.0,5.0,5.0,5.0
20260721_200947_seed1337_bda60282,2026-07-21T20:09:47.192362-04:00,bda60282,completed,1500,1337,1500,100,16,0.004,AdamWScheduleFree,0.0,1.0,,96,4,192,3,512,entity_target_column,pair_mlp,300,1,sentence_transformer,wag,False,llama3.2:1b,0.1,,"[""nc_voters_shared"",""nc_voters_changed"",""fodors_zagats"",""dblp_acm"",""amazon_google_price_numeric""]",250,0.05,6,1.0,True,True,True,"{""person_dgp"":{""corruption_rate"":0.1,""missing_rate"":0.1,""nickname_rate"":0.05,""seed"":502}}",1300,person_dgp,250,58,0.03203212851405623,0.9996155487173151,0.9950665345252807,0.9053308823529411,0.9879638916750251,0.9448441247002398,0.9784461152882206,0.8188403844833374,0.13205604542730107,0.09231791645288467,2.8563610420096666,2.3226241670781747,0.5808760829968378,0.24382220802363008,0.015445416909642518,22.99625308299437,29.003698250046,3663.109375,114.503662109375,True,149.0,149.0,149.0,5.0,5.0,5.0
20260721_200947_seed1337_bda60282,2026-07-21T20:09:47.192362-04:00,bda60282,completed,1500,1337,1500,100,16,0.004,AdamWScheduleFree,0.0,1.0,,96,4,192,3,512,entity_target_column,pair_mlp,300,1,sentence_transformer,wag,False,llama3.2:1b,0.1,,"[""nc_voters_shared"",""nc_voters_changed"",""fodors_zagats"",""dblp_acm"",""amazon_google_price_numeric""]",250,0.05,6,1.0,True,True,True,"{""person_dgp"":{""corruption_rate"":0.1,""missing_rate"":0.1,""nickname_rate"":0.05,""seed"":502}}",1400,nc_voters_shared,805,200,0.0041778684218658265,0.9983441177510717,0.932895128668779,0.14741960437617416,0.9866863905325444,0.2565137967503125,0.8852975955853372,0.9932004809379578,0.00045120384922941483,0.03794359415769577,1.885768249980174,1.3668687499593943,0.394554500002414,0.20814841706305742,0.011214541038498282,20.131130125024356,23.993991833995096,3663.109375,108.048828125,True,50.0,50.0,50.0,9.0,9.0,9.0
20260721_200947_seed1337_bda60282,2026-07-21T20:09:47.192362-04:00,bda60282,completed,1500,1337,1500,100,16,0.004,AdamWScheduleFree,0.0,1.0,,96,4,192,3,512,entity_target_column,pair_mlp,300,1,sentence_transformer,wag,False,llama3.2:1b,0.1,,"[""nc_voters_shared"",""nc_voters_changed"",""fodors_zagats"",""dblp_acm"",""amazon_google_price_numeric""]",250,0.05,6,1.0,True,True,True,"{""person_dgp"":{""corruption_rate"":0.1,""missing_rate"":0.1,""nickname_rate"":0.05,""seed"":502}}",1400,nc_voters_changed,846,200,0.004135017555639487,0.996756457747175,0.8919187265869115,0.08094416300172577,0.9837618403247632,0.149580782881539,0.8380809595202399,0.9930852651596069,0.0,0.03794359415769577,1.885768249980174,1.3668687499593943,0.394554500002414,0.20814841706305742,0.011214541038498282,20.131130125024356,23.993991833995096,3663.109375,108.048828125,True,50.0,50.0,50.0,9.0,9.0,9.0
20260721_200947_seed1337_bda60282,2026-07-21T20:09:47.192362-04:00,bda60282,completed,1500,1337,1500,100,16,0.004,AdamWScheduleFree,0.0,1.0,,96,4,192,3,512,entity_target_column,pair_mlp,300,1,sentence_transformer,wag,False,llama3.2:1b,0.1,,"[""nc_voters_shared"",""nc_voters_changed"",""fodors_zagats"",""dblp_acm"",""amazon_google_price_numeric""]",250,0.05,6,1.0,True,True,True,"{""person_dgp"":{""corruption_rate"":0.1,""missing_rate"":0.1,""nickname_rate"":0.05,""seed"":502}}",1400,dblp_acm,1000,500,0.001001001001001001,0.9983037354709419,0.9059992779422563,0.005036815276316854,0.996,0.010022944088878155,0.9175769612711022,0.9993563294410706,0.0,0.03794359415769577,1.885768249980174,1.3668687499593943,0.394554500002414,0.20814841706305742,0.011214541038498282,20.131130125024356,23.993991833995096,3663.109375,108.048828125,True,50.0,50.0,50.0,9.0,9.0,9.0
20260721_200947_seed1337_bda60282,2026-07-21T20:09:47.192362-04:00,bda60282,completed,1500,1337,1500,100,16,0.004,AdamWScheduleFree,0.0,1.0,,96,4,192,3,512,entity_target_column,pair_mlp,300,1,sentence_transformer,wag,False,llama3.2:1b,0.1,,"[""nc_voters_shared"",""nc_voters_changed"",""fodors_zagats"",""dblp_acm"",""amazon_google_price_numeric""]",250,0.05,6,1.0,True,True,True,"{""person_dgp"":{""corruption_rate"":0.1,""missing_rate"":0.1,""nickname_rate"":0.05,""seed"":502}}",1400,fodors_zagats,224,112,0.004484304932735426,0.9659896264248942,0.2561340019825693,0.1261904761904762,0.4732142857142857,0.19924812030075187,0.3088235294117647,0.9992262125015259,0.006390494128521466,0.03794359415769577,1.885768249980174,1.3668687499593943,0.394554500002414,0.20814841706305742,0.011214541038498282,20.131130125024356,23.993991833995096,3663.109375,108.048828125,True,50.0,50.0,50.0,9.0,9.0,9.0
20260721_200947_seed1337_bda60282,2026-07-21T20:09:47.192362-04:00,bda60282,completed,1500,1337,1500,100,16,0.004,AdamWScheduleFree,0.0,1.0,,96,4,192,3,512,entity_target_column,pair_mlp,300,1,sentence_transformer,wag,False,llama3.2:1b,0.1,,"[""nc_voters_shared"",""nc_voters_changed"",""fodors_zagats"",""dblp_acm"",""amazon_google_price_numeric""]",250,0.05,6,1.0,True,True,True,"{""person_dgp"":{""corruption_rate"":0.1,""missing_rate"":0.1,""nickname_rate"":0.05,""seed"":502}}",1400,amazon_google_price_numeric,1080,500,0.0011653451412487557,0.954191226538455,0.10919202645848927,0.001176476730647741,0.9955817378497791,0.0023501762632197414,0.2041737168640722,0.9999537467956543,0.0,0.03794359415769577,1.885768249980174,1.3668687499593943,0.394554500002414,0.20814841706305742,0.011214541038498282,20.131130125024356,23.993991833995096,3663.109375,108.048828125,True,50.0,50.0,50.0,9.0,9.0,9.0
20260721_200947_seed1337_bda60282,2026-07-21T20:09:47.192362-04:00,bda60282,completed,1500,1337,1500,100,16,0.004,AdamWScheduleFree,0.0,1.0,,96,4,192,3,512,entity_target_column,pair_mlp,300,1,sentence_transformer,wag,False,llama3.2:1b,0.1,,"[""nc_voters_shared"",""nc_voters_changed"",""fodors_zagats"",""dblp_acm"",""amazon_google_price_numeric""]",250,0.05,6,1.0,True,True,True,"{""person_dgp"":{""corruption_rate"":0.1,""missing_rate"":0.1,""nickname_rate"":0.05,""seed"":502}}",1400,person_dgp,250,58,0.03203212851405623,0.9996842625593189,0.9950329762463881,0.8971792538671519,0.9889669007021064,0.9408396946564885,0.9784677015523284,0.8563609719276428,0.1397676161617509,0.03794359415769577,1.885768249980174,1.3668687499593943,0.394554500002414,0.20814841706305742,0.011214541038498282,20.131130125024356,23.993991833995096,3663.109375,108.048828125,True,50.0,50.0,50.0,9.0,9.0,9.0
20260721_200947_seed1337_bda60282,2026-07-21T20:09:47.192362-04:00,bda60282,completed,1500,1337,1500,100,16,0.004,AdamWScheduleFree,0.0,1.0,,96,4,192,3,512,entity_target_column,pair_mlp,300,1,sentence_transformer,wag,False,llama3.2:1b,0.1,,"[""nc_voters_shared"",""nc_voters_changed"",""fodors_zagats"",""dblp_acm"",""amazon_google_price_numeric""]",250,0.05,6,1.0,True,True,True,"{""person_dgp"":{""corruption_rate"":0.1,""missing_rate"":0.1,""nickname_rate"":0.05,""seed"":502}}",1500,nc_voters_shared,805,200,0.0041778684218658265,0.9986491422892774,0.9375978154006003,0.15204279048594516,0.9881656804733728,0.2635368379524608,0.8916666666666667,0.985205352306366,0.0003839139762014108,0.016229789704084396,3.0601702500134706,2.280823083012365,0.35576112498529255,0.4817022919887677,0.012879500049166381,15.270645208074711,21.45209658308886,3663.109375,112.88037109375,True,112.0,112.0,112.0,7.0,7.0,7.0
20260721_200947_seed1337_bda60282,2026-07-21T20:09:47.192362-04:00,bda60282,completed,1500,1337,1500,100,16,0.004,AdamWScheduleFree,0.0,1.0,,96,4,192,3,512,entity_target_column,pair_mlp,300,1,sentence_transformer,wag,False,llama3.2:1b,0.1,,"[""nc_voters_shared"",""nc_voters_changed"",""fodors_zagats"",""dblp_acm"",""amazon_google_price_numeric""]",250,0.05,6,1.0,True,True,True,"{""person_dgp"":{""corruption_rate"":0.1,""missing_rate"":0.1,""nickname_rate"":0.05,""seed"":502}}",1500,nc_voters_changed,846,200,0.004135017555639487,0.9971025905376971,0.8991543217805306,0.08455775596724549,0.9851150202976996,0.15574691126918758,0.8441145281018028,0.9888888001441956,-2.8492431118815487e-06,0.016229789704084396,3.0601702500134706,2.280823083012365,0.35576112498529255,0.4817022919887677,0.012879500049166381,15.270645208074711,21.45209658308886,3663.109375,112.88037109375,True,112.0,112.0,112.0,7.0,7.0,7.0
20260721_200947_seed1337_bda60282,2026-07-21T20:09:47.192362-04:00,bda60282,completed,1500,1337,1500,100,16,0.004,AdamWScheduleFree,0.0,1.0,,96,4,192,3,512,entity_target_column,pair_mlp,300,1,sentence_transformer,wag,False,llama3.2:1b,0.1,,"[""nc_voters_shared"",""nc_voters_changed"",""fodors_zagats"",""dblp_acm"",""amazon_google_price_numeric""]",250,0.05,6,1.0,True,True,True,"{""person_dgp"":{""corruption_rate"":0.1,""missing_rate"":0.1,""nickname_rate"":0.05,""seed"":502}}",1500,dblp_acm,1000,500,0.001001001001001001,0.9983179278557114,0.907946017939482,0.004725037003301833,0.996,0.009405454408098512,0.9185336048879837,0.9995725750923157,0.0,0.016229789704084396,3.0601702500134706,2.280823083012365,0.35576112498529255,0.4817022919887677,0.012879500049166381,15.270645208074711,21.45209658308886,3663.109375,112.88037109375,True,112.0,112.0,112.0,7.0,7.0,7.0
20260721_200947_seed1337_bda60282,2026-07-21T20:09:47.192362-04:00,bda60282,completed,1500,1337,1500,100,16,0.004,AdamWScheduleFree,0.0,1.0,,96,4,192,3,512,entity_target_column,pair_mlp,300,1,sentence_transformer,wag,False,llama3.2:1b,0.1,,"[""nc_voters_shared"",""nc_voters_changed"",""fodors_zagats"",""dblp_acm"",""amazon_google_price_numeric""]",250,0.05,6,1.0,True,True,True,"{""person_dgp"":{""corruption_rate"":0.1,""missing_rate"":0.1,""nickname_rate"":0.05,""seed"":502}}",1500,fodors_zagats,224,112,0.004484304932735426,0.9699612319589997,0.2689092038320094,0.15273775216138327,0.4732142857142857,0.23093681917211328,0.3088235294117647,0.9991589784622192,0.012798790209905157,0.016229789704084396,3.0601702500134706,2.280823083012365,0.35576112498529255,0.4817022919887677,0.012879500049166381,15.270645208074711,21.45209658308886,3663.109375,112.88037109375,True,112.0,112.0,112.0,7.0,7.0,7.0
20260721_200947_seed1337_bda60282,2026-07-21T20:09:47.192362-04:00,bda60282,completed,1500,1337,1500,100,16,0.004,AdamWScheduleFree,0.0,1.0,,96,4,192,3,512,entity_target_column,pair_mlp,300,1,sentence_transformer,wag,False,llama3.2:1b,0.1,,"[""nc_voters_shared"",""nc_voters_changed"",""fodors_zagats"",""dblp_acm"",""amazon_google_price_numeric""]",250,0.05,6,1.0,True,True,True,"{""person_dgp"":{""corruption_rate"":0.1,""missing_rate"":0.1,""nickname_rate"":0.05,""seed"":502}}",1500,amazon_google_price_numeric,1080,500,0.0011653451412487557,0.9554360543363676,0.11416021679194217,0.0011751575858508245,0.9955817378497791,0.0023475441944294444,0.21040850587576948,0.9999573230743408,0.0,0.016229789704084396,3.0601702500134706,2.280823083012365,0.35576112498529255,0.4817022919887677,0.012879500049166381,15.270645208074711,21.45209658308886,3663.109375,112.88037109375,True,112.0,112.0,112.0,7.0,7.0,7.0
20260721_200947_seed1337_bda60282,2026-07-21T20:09:47.192362-04:00,bda60282,completed,1500,1337,1500,100,16,0.004,AdamWScheduleFree,0.0,1.0,,96,4,192,3,512,entity_target_column,pair_mlp,300,1,sentence_transformer,wag,False,llama3.2:1b,0.1,,"[""nc_voters_shared"",""nc_voters_changed"",""fodors_zagats"",""dblp_acm"",""amazon_google_price_numeric""]",250,0.05,6,1.0,True,True,True,"{""person_dgp"":{""corruption_rate"":0.1,""missing_rate"":0.1,""nickname_rate"":0.05,""seed"":502}}",1500,person_dgp,250,58,0.03203212851405623,0.9997185861887308,0.9950433250582734,0.88125,0.9899699097291875,0.9324515824279641,0.9789579158316635,0.8928048610687256,0.15615289152698164,0.016229789704084396,3.0601702500134706,2.280823083012365,0.35576112498529255,0.4817022919887677,0.012879500049166381,15.270645208074711,21.45209658308886,3663.109375,112.88037109375,True,112.0,112.0,112.0,7.0,7.0,7.0
