run_id,run_started_at,config_hash,run_status,last_completed_step,random_seed,num_steps,eval_every,batch_size,learning_rate,optimizer,weight_decay,grad_clip_norm,pos_weight,embedding_size,num_attention_heads,mlp_hidden_size,num_layers,max_categories,record_representation,adjacency_decoder,entity_slot_count,num_slot_attention_layers,text_backend,train_generator,wag_allow_ollama,wag_ollama_model,benchmark_names,frozen_dgp_n_records,frozen_dgp_p_match,frozen_dgp_n_fields,frozen_dgp_schema_temperature,save_models,save_best_model,save_last_model,frozen_dgp_configs,step,name,n_records,n_entities,prevalence,roc_auc,pr_auc,pair_precision,pair_recall,pair_f1,best_pair_f1,best_pair_threshold,adjusted_rand,weighted_training_loss,generate_seconds,tokenize_seconds,forward_loss_seconds,backward_step_seconds,checkpoint_seconds,eval_seconds,step_seconds,rss_mb,device_memory_mb,did_eval,batch_records_min,batch_records_max,batch_records_mean,batch_fields_min,batch_fields_max,batch_fields_mean
20260715_170253_seed1337_3d8910a4,2026-07-15T17:02:53.205463-04:00,3d8910a4,completed,600,1337,600,50,16,0.004,AdamWScheduleFree,0.0,1.0,,96,4,192,3,512,entity_target_column,pair_mlp,300,1,sentence_transformer,wag,False,llama3.2:1b,"[""nc_voters_shared"",""nc_voters_changed"",""fodors_zagats"",""dblp_acm"",""amazon_google_price_numeric""]",250,0.05,6,1.0,True,True,True,"{""person_dgp"":{""corruption_rate"":0.1,""missing_rate"":0.1,""nickname_rate"":0.05,""seed"":502}}",0,nc_voters_shared,805,200,0.0041778684218658265,0.14751673573612467,0.0031488124610817383,0.0010894093844836979,0.19674556213017752,0.0021668207607495895,0.008721885749805548,0.4886327087879181,0.0,,,,,,,,,,,,,,,,,
20260715_170253_seed1337_3d8910a4,2026-07-15T17:02:53.205463-04:00,3d8910a4,completed,600,1337,600,50,16,0.004,AdamWScheduleFree,0.0,1.0,,96,4,192,3,512,entity_target_column,pair_mlp,300,1,sentence_transformer,wag,False,llama3.2:1b,"[""nc_voters_shared"",""nc_voters_changed"",""fodors_zagats"",""dblp_acm"",""amazon_google_price_numeric""]",250,0.05,6,1.0,True,True,True,"{""person_dgp"":{""corruption_rate"":0.1,""missing_rate"":0.1,""nickname_rate"":0.05,""seed"":502}}",0,nc_voters_changed,846,200,0.004135017555639487,0.18750223791113904,0.0027181627928312578,0.001808945607731384,0.3457374830852503,0.0035990604409729438,0.008380698544722428,0.487067848443985,0.0,,,,,,,,,,,,,,,,,
20260715_170253_seed1337_3d8910a4,2026-07-15T17:02:53.205463-04:00,3d8910a4,completed,600,1337,600,50,16,0.004,AdamWScheduleFree,0.0,1.0,,96,4,192,3,512,entity_target_column,pair_mlp,300,1,sentence_transformer,wag,False,llama3.2:1b,"[""nc_voters_shared"",""nc_voters_changed"",""fodors_zagats"",""dblp_acm"",""amazon_google_price_numeric""]",250,0.05,6,1.0,True,True,True,"{""person_dgp"":{""corruption_rate"":0.1,""missing_rate"":0.1,""nickname_rate"":0.05,""seed"":502}}",0,dblp_acm,1000,500,0.001001001001001001,0.1822741723446894,0.0005852444806167281,0.0001608643779240452,0.12,0.0003212980440981566,0.0021172974086969723,0.4913980960845947,0.0,,,,,,,,,,,,,,,,,
20260715_170253_seed1337_3d8910a4,2026-07-15T17:02:53.205463-04:00,3d8910a4,completed,600,1337,600,50,16,0.004,AdamWScheduleFree,0.0,1.0,,96,4,192,3,512,entity_target_column,pair_mlp,300,1,sentence_transformer,wag,False,llama3.2:1b,"[""nc_voters_shared"",""nc_voters_changed"",""fodors_zagats"",""dblp_acm"",""amazon_google_price_numeric""]",250,0.05,6,1.0,True,True,True,"{""person_dgp"":{""corruption_rate"":0.1,""missing_rate"":0.1,""nickname_rate"":0.05,""seed"":502}}",0,fodors_zagats,224,112,0.004484304932735426,0.38839537081724584,0.0034240522276836258,0.003670150987224158,0.7053571428571429,0.007302306234690577,0.008936051382295447,0.4287852942943573,0.0,,,,,,,,,,,,,,,,,
20260715_170253_seed1337_3d8910a4,2026-07-15T17:02:53.205463-04:00,3d8910a4,completed,600,1337,600,50,16,0.004,AdamWScheduleFree,0.0,1.0,,96,4,192,3,512,entity_target_column,pair_mlp,300,1,sentence_transformer,wag,False,llama3.2:1b,"[""nc_voters_shared"",""nc_voters_changed"",""fodors_zagats"",""dblp_acm"",""amazon_google_price_numeric""]",250,0.05,6,1.0,True,True,True,"{""person_dgp"":{""corruption_rate"":0.1,""missing_rate"":0.1,""nickname_rate"":0.05,""seed"":502}}",0,amazon_google_price_numeric,1080,500,0.0011653451412487557,0.34935899032925477,0.0008000430694086241,0.00028531195641169594,0.045655375552282766,0.0005670800863425163,0.0023597543202528706,0.4886327087879181,0.0,,,,,,,,,,,,,,,,,
20260715_170253_seed1337_3d8910a4,2026-07-15T17:02:53.205463-04:00,3d8910a4,completed,600,1337,600,50,16,0.004,AdamWScheduleFree,0.0,1.0,,96,4,192,3,512,entity_target_column,pair_mlp,300,1,sentence_transformer,wag,False,llama3.2:1b,"[""nc_voters_shared"",""nc_voters_changed"",""fodors_zagats"",""dblp_acm"",""amazon_google_price_numeric""]",250,0.05,6,1.0,True,True,True,"{""person_dgp"":{""corruption_rate"":0.1,""missing_rate"":0.1,""nickname_rate"":0.05,""seed"":502}}",0,person_dgp,250,58,0.03203212851405623,0.2630172281315535,0.025320594805199187,0.008769782998857889,0.2156469408224674,0.01685415278485478,0.07172743574417215,0.6087363362312317,0.0,,,,,,,,,,,,,,,,,
20260715_170253_seed1337_3d8910a4,2026-07-15T17:02:53.205463-04:00,3d8910a4,completed,600,1337,600,50,16,0.004,AdamWScheduleFree,0.0,1.0,,96,4,192,3,512,entity_target_column,pair_mlp,300,1,sentence_transformer,wag,False,llama3.2:1b,"[""nc_voters_shared"",""nc_voters_changed"",""fodors_zagats"",""dblp_acm"",""amazon_google_price_numeric""]",250,0.05,6,1.0,True,True,True,"{""person_dgp"":{""corruption_rate"":0.1,""missing_rate"":0.1,""nickname_rate"":0.05,""seed"":502}}",50,nc_voters_shared,805,200,0.0041778684218658265,0.9732210893282207,0.5779462900003527,0.15664196123147092,0.8128698224852071,0.26266730401529637,0.7185336048879838,0.7261881232261658,0.0001644707957094405,0.5534433722496033,2.994503750000149,2.951368792040739,1.1671315830317326,0.16885545797413215,0.009378792019560933,15.434077290992718,23.04128620796837,2808.53125,395.176025390625,True,92.0,92.0,92.0,10.0,10.0,10.0
20260715_170253_seed1337_3d8910a4,2026-07-15T17:02:53.205463-04:00,3d8910a4,completed,600,1337,600,50,16,0.004,AdamWScheduleFree,0.0,1.0,,96,4,192,3,512,entity_target_column,pair_mlp,300,1,sentence_transformer,wag,False,llama3.2:1b,"[""nc_voters_shared"",""nc_voters_changed"",""fodors_zagats"",""dblp_acm"",""amazon_google_price_numeric""]",250,0.05,6,1.0,True,True,True,"{""person_dgp"":{""corruption_rate"":0.1,""missing_rate"":0.1,""nickname_rate"":0.05,""seed"":502}}",50,nc_voters_changed,846,200,0.004135017555639487,0.9352525220818986,0.39496719193724816,0.09675141242937853,0.648849797023004,0.16839332748024582,0.5707196029776676,0.7246477603912354,2.238956922932322e-05,0.5534433722496033,2.994503750000149,2.951368792040739,1.1671315830317326,0.16885545797413215,0.009378792019560933,15.434077290992718,23.04128620796837,2808.53125,395.176025390625,True,92.0,92.0,92.0,10.0,10.0,10.0
20260715_170253_seed1337_3d8910a4,2026-07-15T17:02:53.205463-04:00,3d8910a4,completed,600,1337,600,50,16,0.004,AdamWScheduleFree,0.0,1.0,,96,4,192,3,512,entity_target_column,pair_mlp,300,1,sentence_transformer,wag,False,llama3.2:1b,"[""nc_voters_shared"",""nc_voters_changed"",""fodors_zagats"",""dblp_acm"",""amazon_google_price_numeric""]",250,0.05,6,1.0,True,True,True,"{""person_dgp"":{""corruption_rate"":0.1,""missing_rate"":0.1,""nickname_rate"":0.05,""seed"":502}}",50,dblp_acm,1000,500,0.001001001001001001,0.9536585691382765,0.022521112409041776,0.011833219750944798,0.764,0.023305472515404796,0.0704381586245147,0.6913734078407288,-4.02811632445076e-09,0.5534433722496033,2.994503750000149,2.951368792040739,1.1671315830317326,0.16885545797413215,0.009378792019560933,15.434077290992718,23.04128620796837,2808.53125,395.176025390625,True,92.0,92.0,92.0,10.0,10.0,10.0
20260715_170253_seed1337_3d8910a4,2026-07-15T17:02:53.205463-04:00,3d8910a4,completed,600,1337,600,50,16,0.004,AdamWScheduleFree,0.0,1.0,,96,4,192,3,512,entity_target_column,pair_mlp,300,1,sentence_transformer,wag,False,llama3.2:1b,"[""nc_voters_shared"",""nc_voters_changed"",""fodors_zagats"",""dblp_acm"",""amazon_google_price_numeric""]",250,0.05,6,1.0,True,True,True,"{""person_dgp"":{""corruption_rate"":0.1,""missing_rate"":0.1,""nickname_rate"":0.05,""seed"":502}}",50,fodors_zagats,224,112,0.004484304932735426,0.5712425595238095,0.0121496292221658,0.015699658703071672,0.20535714285714285,0.029169308814204185,0.08528784648187633,0.725788950920105,0.0189211326000016,0.5534433722496033,2.994503750000149,2.951368792040739,1.1671315830317326,0.16885545797413215,0.009378792019560933,15.434077290992718,23.04128620796837,2808.53125,395.176025390625,True,92.0,92.0,92.0,10.0,10.0,10.0
20260715_170253_seed1337_3d8910a4,2026-07-15T17:02:53.205463-04:00,3d8910a4,completed,600,1337,600,50,16,0.004,AdamWScheduleFree,0.0,1.0,,96,4,192,3,512,entity_target_column,pair_mlp,300,1,sentence_transformer,wag,False,llama3.2:1b,"[""nc_voters_shared"",""nc_voters_changed"",""fodors_zagats"",""dblp_acm"",""amazon_google_price_numeric""]",250,0.05,6,1.0,True,True,True,"{""person_dgp"":{""corruption_rate"":0.1,""missing_rate"":0.1,""nickname_rate"":0.05,""seed"":502}}",50,amazon_google_price_numeric,1080,500,0.0011653451412487557,0.8487357153977811,0.005832257090301737,0.0013697375517722123,0.9911634756995582,0.002735694512757767,0.017063842306560755,0.7804802656173706,0.0,0.5534433722496033,2.994503750000149,2.951368792040739,1.1671315830317326,0.16885545797413215,0.009378792019560933,15.434077290992718,23.04128620796837,2808.53125,395.176025390625,True,92.0,92.0,92.0,10.0,10.0,10.0
20260715_170253_seed1337_3d8910a4,2026-07-15T17:02:53.205463-04:00,3d8910a4,completed,600,1337,600,50,16,0.004,AdamWScheduleFree,0.0,1.0,,96,4,192,3,512,entity_target_column,pair_mlp,300,1,sentence_transformer,wag,False,llama3.2:1b,"[""nc_voters_shared"",""nc_voters_changed"",""fodors_zagats"",""dblp_acm"",""amazon_google_price_numeric""]",250,0.05,6,1.0,True,True,True,"{""person_dgp"":{""corruption_rate"":0.1,""missing_rate"":0.1,""nickname_rate"":0.05,""seed"":502}}",50,person_dgp,250,58,0.03203212851405623,0.9771282780897126,0.8147507421243347,0.21127071823204419,0.958876629889669,0.34625135820354946,0.8590679393599101,0.7184927463531494,0.031137268978184876,0.5534433722496033,2.994503750000149,2.951368792040739,1.1671315830317326,0.16885545797413215,0.009378792019560933,15.434077290992718,23.04128620796837,2808.53125,395.176025390625,True,92.0,92.0,92.0,10.0,10.0,10.0
20260715_170253_seed1337_3d8910a4,2026-07-15T17:02:53.205463-04:00,3d8910a4,completed,600,1337,600,50,16,0.004,AdamWScheduleFree,0.0,1.0,,96,4,192,3,512,entity_target_column,pair_mlp,300,1,sentence_transformer,wag,False,llama3.2:1b,"[""nc_voters_shared"",""nc_voters_changed"",""fodors_zagats"",""dblp_acm"",""amazon_google_price_numeric""]",250,0.05,6,1.0,True,True,True,"{""person_dgp"":{""corruption_rate"":0.1,""missing_rate"":0.1,""nickname_rate"":0.05,""seed"":502}}",100,nc_voters_shared,805,200,0.0041778684218658265,0.9839555008866614,0.770763156014793,0.06590242601972807,0.9142011834319527,0.12294225891480579,0.8041866550370694,0.9304023385047913,0.0,0.2780671715736389,4.861287625040859,4.607121415960137,1.853648999996949,0.15669191698543727,0.010060874978080392,10.635431750037242,22.176417665963527,2808.53125,417.886962890625,True,188.0,188.0,188.0,8.0,8.0,8.0
20260715_170253_seed1337_3d8910a4,2026-07-15T17:02:53.205463-04:00,3d8910a4,completed,600,1337,600,50,16,0.004,AdamWScheduleFree,0.0,1.0,,96,4,192,3,512,entity_target_column,pair_mlp,300,1,sentence_transformer,wag,False,llama3.2:1b,"[""nc_voters_shared"",""nc_voters_changed"",""fodors_zagats"",""dblp_acm"",""amazon_google_price_numeric""]",250,0.05,6,1.0,True,True,True,"{""person_dgp"":{""corruption_rate"":0.1,""missing_rate"":0.1,""nickname_rate"":0.05,""seed"":502}}",100,nc_voters_changed,846,200,0.004135017555639487,0.9588569785627701,0.5616395994992986,0.04268871120748069,0.8525033829499323,0.08130605923727173,0.6404199475065616,0.9245989322662354,0.0,0.2780671715736389,4.861287625040859,4.607121415960137,1.853648999996949,0.15669191698543727,0.010060874978080392,10.635431750037242,22.176417665963527,2808.53125,417.886962890625,True,188.0,188.0,188.0,8.0,8.0,8.0
20260715_170253_seed1337_3d8910a4,2026-07-15T17:02:53.205463-04:00,3d8910a4,completed,600,1337,600,50,16,0.004,AdamWScheduleFree,0.0,1.0,,96,4,192,3,512,entity_target_column,pair_mlp,300,1,sentence_transformer,wag,False,llama3.2:1b,"[""nc_voters_shared"",""nc_voters_changed"",""fodors_zagats"",""dblp_acm"",""amazon_google_price_numeric""]",250,0.05,6,1.0,True,True,True,"{""person_dgp"":{""corruption_rate"":0.1,""missing_rate"":0.1,""nickname_rate"":0.05,""seed"":502}}",100,dblp_acm,1000,500,0.001001001001001001,0.9860199559118237,0.22177824425996653,0.00484942296765092,0.99,0.00965156862362782,0.3944875107665805,0.9285510182380676,0.0,0.2780671715736389,4.861287625040859,4.607121415960137,1.853648999996949,0.15669191698543727,0.010060874978080392,10.635431750037242,22.176417665963527,2808.53125,417.886962890625,True,188.0,188.0,188.0,8.0,8.0,8.0
20260715_170253_seed1337_3d8910a4,2026-07-15T17:02:53.205463-04:00,3d8910a4,completed,600,1337,600,50,16,0.004,AdamWScheduleFree,0.0,1.0,,96,4,192,3,512,entity_target_column,pair_mlp,300,1,sentence_transformer,wag,False,llama3.2:1b,"[""nc_voters_shared"",""nc_voters_changed"",""fodors_zagats"",""dblp_acm"",""amazon_google_price_numeric""]",250,0.05,6,1.0,True,True,True,"{""person_dgp"":{""corruption_rate"":0.1,""missing_rate"":0.1,""nickname_rate"":0.05,""seed"":502}}",100,fodors_zagats,224,112,0.004484304932735426,0.6426732855304284,0.018011849924399484,0.015246015246015246,0.19642857142857142,0.02829581993569132,0.12209302325581396,0.9394994974136353,0.0161838900159124,0.2780671715736389,4.861287625040859,4.607121415960137,1.853648999996949,0.15669191698543727,0.010060874978080392,10.635431750037242,22.176417665963527,2808.53125,417.886962890625,True,188.0,188.0,188.0,8.0,8.0,8.0
20260715_170253_seed1337_3d8910a4,2026-07-15T17:02:53.205463-04:00,3d8910a4,completed,600,1337,600,50,16,0.004,AdamWScheduleFree,0.0,1.0,,96,4,192,3,512,entity_target_column,pair_mlp,300,1,sentence_transformer,wag,False,llama3.2:1b,"[""nc_voters_shared"",""nc_voters_changed"",""fodors_zagats"",""dblp_acm"",""amazon_google_price_numeric""]",250,0.05,6,1.0,True,True,True,"{""person_dgp"":{""corruption_rate"":0.1,""missing_rate"":0.1,""nickname_rate"":0.05,""seed"":502}}",100,amazon_google_price_numeric,1080,500,0.0011653451412487557,0.8856933466181436,0.01120395460222508,0.0012220894475468724,0.9955817378497791,0.0024411823122618853,0.036514522821576766,0.9561001062393188,0.0,0.2780671715736389,4.861287625040859,4.607121415960137,1.853648999996949,0.15669191698543727,0.010060874978080392,10.635431750037242,22.176417665963527,2808.53125,417.886962890625,True,188.0,188.0,188.0,8.0,8.0,8.0
20260715_170253_seed1337_3d8910a4,2026-07-15T17:02:53.205463-04:00,3d8910a4,completed,600,1337,600,50,16,0.004,AdamWScheduleFree,0.0,1.0,,96,4,192,3,512,entity_target_column,pair_mlp,300,1,sentence_transformer,wag,False,llama3.2:1b,"[""nc_voters_shared"",""nc_voters_changed"",""fodors_zagats"",""dblp_acm"",""amazon_google_price_numeric""]",250,0.05,6,1.0,True,True,True,"{""person_dgp"":{""corruption_rate"":0.1,""missing_rate"":0.1,""nickname_rate"":0.05,""seed"":502}}",100,person_dgp,250,58,0.03203212851405623,0.9786288632227005,0.8317888078474864,0.3011301494713817,0.8284854563691073,0.44171122994652406,0.8646188850967008,0.9253318309783936,0.006769409488916063,0.2780671715736389,4.861287625040859,4.607121415960137,1.853648999996949,0.15669191698543727,0.010060874978080392,10.635431750037242,22.176417665963527,2808.53125,417.886962890625,True,188.0,188.0,188.0,8.0,8.0,8.0
20260715_170253_seed1337_3d8910a4,2026-07-15T17:02:53.205463-04:00,3d8910a4,completed,600,1337,600,50,16,0.004,AdamWScheduleFree,0.0,1.0,,96,4,192,3,512,entity_target_column,pair_mlp,300,1,sentence_transformer,wag,False,llama3.2:1b,"[""nc_voters_shared"",""nc_voters_changed"",""fodors_zagats"",""dblp_acm"",""amazon_google_price_numeric""]",250,0.05,6,1.0,True,True,True,"{""person_dgp"":{""corruption_rate"":0.1,""missing_rate"":0.1,""nickname_rate"":0.05,""seed"":502}}",150,nc_voters_shared,805,200,0.0041778684218658265,0.9892084243133354,0.8184252795036997,0.07507633359276776,0.9275147928994083,0.13890888950429245,0.8203389830508475,0.9692106246948242,0.0,0.3360762894153595,1.9334147500339895,1.874435708974488,0.45056441699853167,0.35952445899602026,0.01398795802379027,12.076352834003046,16.69629349996103,2808.53125,390.518310546875,True,66.0,66.0,66.0,8.0,8.0,8.0
20260715_170253_seed1337_3d8910a4,2026-07-15T17:02:53.205463-04:00,3d8910a4,completed,600,1337,600,50,16,0.004,AdamWScheduleFree,0.0,1.0,,96,4,192,3,512,entity_target_column,pair_mlp,300,1,sentence_transformer,wag,False,llama3.2:1b,"[""nc_voters_shared"",""nc_voters_changed"",""fodors_zagats"",""dblp_acm"",""amazon_google_price_numeric""]",250,0.05,6,1.0,True,True,True,"{""person_dgp"":{""corruption_rate"":0.1,""missing_rate"":0.1,""nickname_rate"":0.05,""seed"":502}}",150,nc_voters_changed,846,200,0.004135017555639487,0.9693110519731285,0.6543852753352666,0.04436072361945491,0.8843031123139378,0.08448337157816489,0.6830508474576271,0.9633554220199585,0.0,0.3360762894153595,1.9334147500339895,1.874435708974488,0.45056441699853167,0.35952445899602026,0.01398795802379027,12.076352834003046,16.69629349996103,2808.53125,390.518310546875,True,66.0,66.0,66.0,8.0,8.0,8.0
20260715_170253_seed1337_3d8910a4,2026-07-15T17:02:53.205463-04:00,3d8910a4,completed,600,1337,600,50,16,0.004,AdamWScheduleFree,0.0,1.0,,96,4,192,3,512,entity_target_column,pair_mlp,300,1,sentence_transformer,wag,False,llama3.2:1b,"[""nc_voters_shared"",""nc_voters_changed"",""fodors_zagats"",""dblp_acm"",""amazon_google_price_numeric""]",250,0.05,6,1.0,True,True,True,"{""person_dgp"":{""corruption_rate"":0.1,""missing_rate"":0.1,""nickname_rate"":0.05,""seed"":502}}",150,dblp_acm,1000,500,0.001001001001001001,0.9900950761523046,0.4867405426223954,0.005096555431501468,0.986,0.0101406944215896,0.5458052073288332,0.9750374555587769,0.0,0.3360762894153595,1.9334147500339895,1.874435708974488,0.45056441699853167,0.35952445899602026,0.01398795802379027,12.076352834003046,16.69629349996103,2808.53125,390.518310546875,True,66.0,66.0,66.0,8.0,8.0,8.0
20260715_170253_seed1337_3d8910a4,2026-07-15T17:02:53.205463-04:00,3d8910a4,completed,600,1337,600,50,16,0.004,AdamWScheduleFree,0.0,1.0,,96,4,192,3,512,entity_target_column,pair_mlp,300,1,sentence_transformer,wag,False,llama3.2:1b,"[""nc_voters_shared"",""nc_voters_changed"",""fodors_zagats"",""dblp_acm"",""amazon_google_price_numeric""]",250,0.05,6,1.0,True,True,True,"{""person_dgp"":{""corruption_rate"":0.1,""missing_rate"":0.1,""nickname_rate"":0.05,""seed"":502}}",150,fodors_zagats,224,112,0.004484304932735426,0.6469684368679904,0.09082840738066922,0.016730038022813688,0.19642857142857142,0.030833917309039945,0.23529411764705882,0.9846727252006531,0.015662132396067306,0.3360762894153595,1.9334147500339895,1.874435708974488,0.45056441699853167,0.35952445899602026,0.01398795802379027,12.076352834003046,16.69629349996103,2808.53125,390.518310546875,True,66.0,66.0,66.0,8.0,8.0,8.0
20260715_170253_seed1337_3d8910a4,2026-07-15T17:02:53.205463-04:00,3d8910a4,completed,600,1337,600,50,16,0.004,AdamWScheduleFree,0.0,1.0,,96,4,192,3,512,entity_target_column,pair_mlp,300,1,sentence_transformer,wag,False,llama3.2:1b,"[""nc_voters_shared"",""nc_voters_changed"",""fodors_zagats"",""dblp_acm"",""amazon_google_price_numeric""]",250,0.05,6,1.0,True,True,True,"{""person_dgp"":{""corruption_rate"":0.1,""missing_rate"":0.1,""nickname_rate"":0.05,""seed"":502}}",150,amazon_google_price_numeric,1080,500,0.0011653451412487557,0.906792220281579,0.025712634731608956,0.001214041212748151,0.9955817378497791,0.0024251251576241665,0.0783289817232376,0.9886713027954102,0.0,0.3360762894153595,1.9334147500339895,1.874435708974488,0.45056441699853167,0.35952445899602026,0.01398795802379027,12.076352834003046,16.69629349996103,2808.53125,390.518310546875,True,66.0,66.0,66.0,8.0,8.0,8.0
20260715_170253_seed1337_3d8910a4,2026-07-15T17:02:53.205463-04:00,3d8910a4,completed,600,1337,600,50,16,0.004,AdamWScheduleFree,0.0,1.0,,96,4,192,3,512,entity_target_column,pair_mlp,300,1,sentence_transformer,wag,False,llama3.2:1b,"[""nc_voters_shared"",""nc_voters_changed"",""fodors_zagats"",""dblp_acm"",""amazon_google_price_numeric""]",250,0.05,6,1.0,True,True,True,"{""person_dgp"":{""corruption_rate"":0.1,""missing_rate"":0.1,""nickname_rate"":0.05,""seed"":502}}",150,person_dgp,250,58,0.03203212851405623,0.9813396642396652,0.8523629349895756,0.3202439954250858,0.8425275827482447,0.46408839779005523,0.8651109846328969,0.9537062048912048,0.008597391832106133,0.3360762894153595,1.9334147500339895,1.874435708974488,0.45056441699853167,0.35952445899602026,0.01398795802379027,12.076352834003046,16.69629349996103,2808.53125,390.518310546875,True,66.0,66.0,66.0,8.0,8.0,8.0
20260715_170253_seed1337_3d8910a4,2026-07-15T17:02:53.205463-04:00,3d8910a4,completed,600,1337,600,50,16,0.004,AdamWScheduleFree,0.0,1.0,,96,4,192,3,512,entity_target_column,pair_mlp,300,1,sentence_transformer,wag,False,llama3.2:1b,"[""nc_voters_shared"",""nc_voters_changed"",""fodors_zagats"",""dblp_acm"",""amazon_google_price_numeric""]",250,0.05,6,1.0,True,True,True,"{""person_dgp"":{""corruption_rate"":0.1,""missing_rate"":0.1,""nickname_rate"":0.05,""seed"":502}}",200,nc_voters_shared,805,200,0.0041778684218658265,0.9911571562382612,0.823033947555776,0.04577005743278954,0.9607988165680473,0.08737766118454243,0.8173766343315058,0.983944833278656,0.0,0.3323759436607361,2.504224750038702,1.4659908339963295,0.17539716698229313,0.09423029195750132,0.013330874964594841,11.928050791961141,16.170482332992833,2808.53125,394.372802734375,True,144.0,144.0,144.0,3.0,3.0,3.0
20260715_170253_seed1337_3d8910a4,2026-07-15T17:02:53.205463-04:00,3d8910a4,completed,600,1337,600,50,16,0.004,AdamWScheduleFree,0.0,1.0,,96,4,192,3,512,entity_target_column,pair_mlp,300,1,sentence_transformer,wag,False,llama3.2:1b,"[""nc_voters_shared"",""nc_voters_changed"",""fodors_zagats"",""dblp_acm"",""amazon_google_price_numeric""]",250,0.05,6,1.0,True,True,True,"{""person_dgp"":{""corruption_rate"":0.1,""missing_rate"":0.1,""nickname_rate"":0.05,""seed"":502}}",200,nc_voters_changed,846,200,0.004135017555639487,0.9730323301620607,0.6581860220900243,0.03025765249944946,0.9296346414073072,0.058607746118409826,0.6936170212765959,0.9831833839416504,0.0,0.3323759436607361,2.504224750038702,1.4659908339963295,0.17539716698229313,0.09423029195750132,0.013330874964594841,11.928050791961141,16.170482332992833,2808.53125,394.372802734375,True,144.0,144.0,144.0,3.0,3.0,3.0
20260715_170253_seed1337_3d8910a4,2026-07-15T17:02:53.205463-04:00,3d8910a4,completed,600,1337,600,50,16,0.004,AdamWScheduleFree,0.0,1.0,,96,4,192,3,512,entity_target_column,pair_mlp,300,1,sentence_transformer,wag,False,llama3.2:1b,"[""nc_voters_shared"",""nc_voters_changed"",""fodors_zagats"",""dblp_acm"",""amazon_google_price_numeric""]",250,0.05,6,1.0,True,True,True,"{""person_dgp"":{""corruption_rate"":0.1,""missing_rate"":0.1,""nickname_rate"":0.05,""seed"":502}}",200,dblp_acm,1000,500,0.001001001001001001,0.9891560801603207,0.4618972202841068,0.0030949859973811657,0.988,0.006170641984098731,0.5248554913294797,0.9907062649726868,0.0,0.3323759436607361,2.504224750038702,1.4659908339963295,0.17539716698229313,0.09423029195750132,0.013330874964594841,11.928050791961141,16.170482332992833,2808.53125,394.372802734375,True,144.0,144.0,144.0,3.0,3.0,3.0
20260715_170253_seed1337_3d8910a4,2026-07-15T17:02:53.205463-04:00,3d8910a4,completed,600,1337,600,50,16,0.004,AdamWScheduleFree,0.0,1.0,,96,4,192,3,512,entity_target_column,pair_mlp,300,1,sentence_transformer,wag,False,llama3.2:1b,"[""nc_voters_shared"",""nc_voters_changed"",""fodors_zagats"",""dblp_acm"",""amazon_google_price_numeric""]",250,0.05,6,1.0,True,True,True,"{""person_dgp"":{""corruption_rate"":0.1,""missing_rate"":0.1,""nickname_rate"":0.05,""seed"":502}}",200,fodors_zagats,224,112,0.004484304932735426,0.6536440378516272,0.15100836909179574,0.01921397379912664,0.19642857142857142,0.035003977724741446,0.26666666666666666,0.9931383728981018,0.018229846073571615,0.3323759436607361,2.504224750038702,1.4659908339963295,0.17539716698229313,0.09423029195750132,0.013330874964594841,11.928050791961141,16.170482332992833,2808.53125,394.372802734375,True,144.0,144.0,144.0,3.0,3.0,3.0
20260715_170253_seed1337_3d8910a4,2026-07-15T17:02:53.205463-04:00,3d8910a4,completed,600,1337,600,50,16,0.004,AdamWScheduleFree,0.0,1.0,,96,4,192,3,512,entity_target_column,pair_mlp,300,1,sentence_transformer,wag,False,llama3.2:1b,"[""nc_voters_shared"",""nc_voters_changed"",""fodors_zagats"",""dblp_acm"",""amazon_google_price_numeric""]",250,0.05,6,1.0,True,True,True,"{""person_dgp"":{""corruption_rate"":0.1,""missing_rate"":0.1,""nickname_rate"":0.05,""seed"":502}}",200,amazon_google_price_numeric,1080,500,0.0011653451412487557,0.9120682264503324,0.04567365163766062,0.001231834540567628,0.9955817378497791,0.002460624547277843,0.10859106529209621,0.9948006868362427,0.0,0.3323759436607361,2.504224750038702,1.4659908339963295,0.17539716698229313,0.09423029195750132,0.013330874964594841,11.928050791961141,16.170482332992833,2808.53125,394.372802734375,True,144.0,144.0,144.0,3.0,3.0,3.0
20260715_170253_seed1337_3d8910a4,2026-07-15T17:02:53.205463-04:00,3d8910a4,completed,600,1337,600,50,16,0.004,AdamWScheduleFree,0.0,1.0,,96,4,192,3,512,entity_target_column,pair_mlp,300,1,sentence_transformer,wag,False,llama3.2:1b,"[""nc_voters_shared"",""nc_voters_changed"",""fodors_zagats"",""dblp_acm"",""amazon_google_price_numeric""]",250,0.05,6,1.0,True,True,True,"{""person_dgp"":{""corruption_rate"":0.1,""missing_rate"":0.1,""nickname_rate"":0.05,""seed"":502}}",200,person_dgp,250,58,0.03203212851405623,0.9830699280528788,0.8640904163127887,0.3489771359807461,0.872617853560682,0.498567335243553,0.8646188850967008,0.9513212442398071,0.016728511620171124,0.3323759436607361,2.504224750038702,1.4659908339963295,0.17539716698229313,0.09423029195750132,0.013330874964594841,11.928050791961141,16.170482332992833,2808.53125,394.372802734375,True,144.0,144.0,144.0,3.0,3.0,3.0
20260715_170253_seed1337_3d8910a4,2026-07-15T17:02:53.205463-04:00,3d8910a4,completed,600,1337,600,50,16,0.004,AdamWScheduleFree,0.0,1.0,,96,4,192,3,512,entity_target_column,pair_mlp,300,1,sentence_transformer,wag,False,llama3.2:1b,"[""nc_voters_shared"",""nc_voters_changed"",""fodors_zagats"",""dblp_acm"",""amazon_google_price_numeric""]",250,0.05,6,1.0,True,True,True,"{""person_dgp"":{""corruption_rate"":0.1,""missing_rate"":0.1,""nickname_rate"":0.05,""seed"":502}}",250,nc_voters_shared,805,200,0.0041778684218658265,0.9919084091577034,0.824182048761003,0.05316631304063979,0.9637573964497042,0.10077339520494973,0.8224455611390284,0.9868338704109192,0.0,0.06776979565620422,1.9805809159879573,2.2661910409806296,1.571886292018462,0.21136516600381583,0.015258583996910602,28.77131137496326,35.167744375008624,2808.53125,390.27197265625,True,72.0,72.0,72.0,5.0,5.0,5.0
20260715_170253_seed1337_3d8910a4,2026-07-15T17:02:53.205463-04:00,3d8910a4,completed,600,1337,600,50,16,0.004,AdamWScheduleFree,0.0,1.0,,96,4,192,3,512,entity_target_column,pair_mlp,300,1,sentence_transformer,wag,False,llama3.2:1b,"[""nc_voters_shared"",""nc_voters_changed"",""fodors_zagats"",""dblp_acm"",""amazon_google_price_numeric""]",250,0.05,6,1.0,True,True,True,"{""person_dgp"":{""corruption_rate"":0.1,""missing_rate"":0.1,""nickname_rate"":0.05,""seed"":502}}",250,nc_voters_changed,846,200,0.004135017555639487,0.9751843857255674,0.6778877886150907,0.03649300595639167,0.9161028416779432,0.07018998989139733,0.6937936703658035,0.9841039180755615,0.0,0.06776979565620422,1.9805809159879573,2.2661910409806296,1.571886292018462,0.21136516600381583,0.015258583996910602,28.77131137496326,35.167744375008624,2808.53125,390.27197265625,True,72.0,72.0,72.0,5.0,5.0,5.0
20260715_170253_seed1337_3d8910a4,2026-07-15T17:02:53.205463-04:00,3d8910a4,completed,600,1337,600,50,16,0.004,AdamWScheduleFree,0.0,1.0,,96,4,192,3,512,entity_target_column,pair_mlp,300,1,sentence_transformer,wag,False,llama3.2:1b,"[""nc_voters_shared"",""nc_voters_changed"",""fodors_zagats"",""dblp_acm"",""amazon_google_price_numeric""]",250,0.05,6,1.0,True,True,True,"{""person_dgp"":{""corruption_rate"":0.1,""missing_rate"":0.1,""nickname_rate"":0.05,""seed"":502}}",250,dblp_acm,1000,500,0.001001001001001001,0.9896127915831663,0.44660708968165347,0.002948432159310447,0.992,0.005879389539190991,0.5181236673773987,0.9938820600509644,0.0,0.06776979565620422,1.9805809159879573,2.2661910409806296,1.571886292018462,0.21136516600381583,0.015258583996910602,28.77131137496326,35.167744375008624,2808.53125,390.27197265625,True,72.0,72.0,72.0,5.0,5.0,5.0
20260715_170253_seed1337_3d8910a4,2026-07-15T17:02:53.205463-04:00,3d8910a4,completed,600,1337,600,50,16,0.004,AdamWScheduleFree,0.0,1.0,,96,4,192,3,512,entity_target_column,pair_mlp,300,1,sentence_transformer,wag,False,llama3.2:1b,"[""nc_voters_shared"",""nc_voters_changed"",""fodors_zagats"",""dblp_acm"",""amazon_google_price_numeric""]",250,0.05,6,1.0,True,True,True,"{""person_dgp"":{""corruption_rate"":0.1,""missing_rate"":0.1,""nickname_rate"":0.05,""seed"":502}}",250,fodors_zagats,224,112,0.004484304932735426,0.6783297567337746,0.18030400847035624,0.01981981981981982,0.19642857142857142,0.03600654664484452,0.2857142857142857,0.9953572154045105,0.01766821132649992,0.06776979565620422,1.9805809159879573,2.2661910409806296,1.571886292018462,0.21136516600381583,0.015258583996910602,28.77131137496326,35.167744375008624,2808.53125,390.27197265625,True,72.0,72.0,72.0,5.0,5.0,5.0
20260715_170253_seed1337_3d8910a4,2026-07-15T17:02:53.205463-04:00,3d8910a4,completed,600,1337,600,50,16,0.004,AdamWScheduleFree,0.0,1.0,,96,4,192,3,512,entity_target_column,pair_mlp,300,1,sentence_transformer,wag,False,llama3.2:1b,"[""nc_voters_shared"",""nc_voters_changed"",""fodors_zagats"",""dblp_acm"",""amazon_google_price_numeric""]",250,0.05,6,1.0,True,True,True,"{""person_dgp"":{""corruption_rate"":0.1,""missing_rate"":0.1,""nickname_rate"":0.05,""seed"":502}}",250,amazon_google_price_numeric,1080,500,0.0011653451412487557,0.9245433919254089,0.0817441529196684,0.0012364783049272562,0.9955817378497791,0.0024698890924801744,0.16120906801007556,0.9969484210014343,0.0,0.06776979565620422,1.9805809159879573,2.2661910409806296,1.571886292018462,0.21136516600381583,0.015258583996910602,28.77131137496326,35.167744375008624,2808.53125,390.27197265625,True,72.0,72.0,72.0,5.0,5.0,5.0
20260715_170253_seed1337_3d8910a4,2026-07-15T17:02:53.205463-04:00,3d8910a4,completed,600,1337,600,50,16,0.004,AdamWScheduleFree,0.0,1.0,,96,4,192,3,512,entity_target_column,pair_mlp,300,1,sentence_transformer,wag,False,llama3.2:1b,"[""nc_voters_shared"",""nc_voters_changed"",""fodors_zagats"",""dblp_acm"",""amazon_google_price_numeric""]",250,0.05,6,1.0,True,True,True,"{""person_dgp"":{""corruption_rate"":0.1,""missing_rate"":0.1,""nickname_rate"":0.05,""seed"":502}}",250,person_dgp,250,58,0.03203212851405623,0.9943695598212587,0.9255868345877558,0.4265103697024346,0.9488465396188566,0.5884914463452566,0.8961392060902665,0.8659965395927429,0.004979633566609842,0.06776979565620422,1.9805809159879573,2.2661910409806296,1.571886292018462,0.21136516600381583,0.015258583996910602,28.77131137496326,35.167744375008624,2808.53125,390.27197265625,True,72.0,72.0,72.0,5.0,5.0,5.0
20260715_170253_seed1337_3d8910a4,2026-07-15T17:02:53.205463-04:00,3d8910a4,completed,600,1337,600,50,16,0.004,AdamWScheduleFree,0.0,1.0,,96,4,192,3,512,entity_target_column,pair_mlp,300,1,sentence_transformer,wag,False,llama3.2:1b,"[""nc_voters_shared"",""nc_voters_changed"",""fodors_zagats"",""dblp_acm"",""amazon_google_price_numeric""]",250,0.05,6,1.0,True,True,True,"{""person_dgp"":{""corruption_rate"":0.1,""missing_rate"":0.1,""nickname_rate"":0.05,""seed"":502}}",300,nc_voters_shared,805,200,0.0041778684218658265,0.9924138501287567,0.8306649800896685,0.06633856249359171,0.9571005917159763,0.1240770927222169,0.8201013513513513,0.9886816740036011,0.0,0.09516200423240662,7.497765750042163,9.028123084048275,15.44416445796378,11.050756208016537,0.0291548750246875,17.00377412501257,60.03921179199824,2808.53125,448.598388671875,True,294.0,294.0,294.0,9.0,9.0,9.0
20260715_170253_seed1337_3d8910a4,2026-07-15T17:02:53.205463-04:00,3d8910a4,completed,600,1337,600,50,16,0.004,AdamWScheduleFree,0.0,1.0,,96,4,192,3,512,entity_target_column,pair_mlp,300,1,sentence_transformer,wag,False,llama3.2:1b,"[""nc_voters_shared"",""nc_voters_changed"",""fodors_zagats"",""dblp_acm"",""amazon_google_price_numeric""]",250,0.05,6,1.0,True,True,True,"{""person_dgp"":{""corruption_rate"":0.1,""missing_rate"":0.1,""nickname_rate"":0.05,""seed"":502}}",300,nc_voters_changed,846,200,0.004135017555639487,0.9784099695671457,0.6992755254438703,0.04768,0.9073071718538566,0.09059892578454887,0.7140468227424749,0.9861509203910828,0.0,0.09516200423240662,7.497765750042163,9.028123084048275,15.44416445796378,11.050756208016537,0.0291548750246875,17.00377412501257,60.03921179199824,2808.53125,448.598388671875,True,294.0,294.0,294.0,9.0,9.0,9.0
20260715_170253_seed1337_3d8910a4,2026-07-15T17:02:53.205463-04:00,3d8910a4,completed,600,1337,600,50,16,0.004,AdamWScheduleFree,0.0,1.0,,96,4,192,3,512,entity_target_column,pair_mlp,300,1,sentence_transformer,wag,False,llama3.2:1b,"[""nc_voters_shared"",""nc_voters_changed"",""fodors_zagats"",""dblp_acm"",""amazon_google_price_numeric""]",250,0.05,6,1.0,True,True,True,"{""person_dgp"":{""corruption_rate"":0.1,""missing_rate"":0.1,""nickname_rate"":0.05,""seed"":502}}",300,dblp_acm,1000,500,0.001001001001001001,0.989150006012024,0.38861539481757335,0.003377781402492898,0.994,0.006732683997344857,0.4661016949152542,0.9948273301124573,0.0,0.09516200423240662,7.497765750042163,9.028123084048275,15.44416445796378,11.050756208016537,0.0291548750246875,17.00377412501257,60.03921179199824,2808.53125,448.598388671875,True,294.0,294.0,294.0,9.0,9.0,9.0
20260715_170253_seed1337_3d8910a4,2026-07-15T17:02:53.205463-04:00,3d8910a4,completed,600,1337,600,50,16,0.004,AdamWScheduleFree,0.0,1.0,,96,4,192,3,512,entity_target_column,pair_mlp,300,1,sentence_transformer,wag,False,llama3.2:1b,"[""nc_voters_shared"",""nc_voters_changed"",""fodors_zagats"",""dblp_acm"",""amazon_google_price_numeric""]",250,0.05,6,1.0,True,True,True,"{""person_dgp"":{""corruption_rate"":0.1,""missing_rate"":0.1,""nickname_rate"":0.05,""seed"":502}}",300,fodors_zagats,224,112,0.004484304932735426,0.6897427361992094,0.18210575716435115,0.018803418803418803,0.19642857142857142,0.0343213728549142,0.29197080291970806,0.9976913928985596,0.0167134636805552,0.09516200423240662,7.497765750042163,9.028123084048275,15.44416445796378,11.050756208016537,0.0291548750246875,17.00377412501257,60.03921179199824,2808.53125,448.598388671875,True,294.0,294.0,294.0,9.0,9.0,9.0
20260715_170253_seed1337_3d8910a4,2026-07-15T17:02:53.205463-04:00,3d8910a4,completed,600,1337,600,50,16,0.004,AdamWScheduleFree,0.0,1.0,,96,4,192,3,512,entity_target_column,pair_mlp,300,1,sentence_transformer,wag,False,llama3.2:1b,"[""nc_voters_shared"",""nc_voters_changed"",""fodors_zagats"",""dblp_acm"",""amazon_google_price_numeric""]",250,0.05,6,1.0,True,True,True,"{""person_dgp"":{""corruption_rate"":0.1,""missing_rate"":0.1,""nickname_rate"":0.05,""seed"":502}}",300,amazon_google_price_numeric,1080,500,0.0011653451412487557,0.929245812520503,0.11645557583948203,0.001309039927654243,0.9955817378497791,0.002614641995172969,0.2300224047796863,0.9979105591773987,0.0,0.09516200423240662,7.497765750042163,9.028123084048275,15.44416445796378,11.050756208016537,0.0291548750246875,17.00377412501257,60.03921179199824,2808.53125,448.598388671875,True,294.0,294.0,294.0,9.0,9.0,9.0
20260715_170253_seed1337_3d8910a4,2026-07-15T17:02:53.205463-04:00,3d8910a4,completed,600,1337,600,50,16,0.004,AdamWScheduleFree,0.0,1.0,,96,4,192,3,512,entity_target_column,pair_mlp,300,1,sentence_transformer,wag,False,llama3.2:1b,"[""nc_voters_shared"",""nc_voters_changed"",""fodors_zagats"",""dblp_acm"",""amazon_google_price_numeric""]",250,0.05,6,1.0,True,True,True,"{""person_dgp"":{""corruption_rate"":0.1,""missing_rate"":0.1,""nickname_rate"":0.05,""seed"":502}}",300,person_dgp,250,58,0.03203212851405623,0.9991102822540909,0.9810676150452462,0.7104303428154631,0.9769307923771314,0.8226351351351351,0.9436109674081739,0.8775966167449951,0.01119576665676386,0.09516200423240662,7.497765750042163,9.028123084048275,15.44416445796378,11.050756208016537,0.0291548750246875,17.00377412501257,60.03921179199824,2808.53125,448.598388671875,True,294.0,294.0,294.0,9.0,9.0,9.0
20260715_170253_seed1337_3d8910a4,2026-07-15T17:02:53.205463-04:00,3d8910a4,completed,600,1337,600,50,16,0.004,AdamWScheduleFree,0.0,1.0,,96,4,192,3,512,entity_target_column,pair_mlp,300,1,sentence_transformer,wag,False,llama3.2:1b,"[""nc_voters_shared"",""nc_voters_changed"",""fodors_zagats"",""dblp_acm"",""amazon_google_price_numeric""]",250,0.05,6,1.0,True,True,True,"{""person_dgp"":{""corruption_rate"":0.1,""missing_rate"":0.1,""nickname_rate"":0.05,""seed"":502}}",350,nc_voters_shared,805,200,0.0041778684218658265,0.9918440771352999,0.8369626668513658,0.07148433143749303,0.9482248520710059,0.13294617857513222,0.8364372469635627,0.9823022484779358,0.0,0.043951719999313354,2.425063583010342,2.9200045420438983,3.394747374986764,0.22219454200239852,0.016346040996722877,12.071451249998063,22.924754583043978,2808.53125,394.695068359375,True,86.0,86.0,86.0,9.0,9.0,9.0
20260715_170253_seed1337_3d8910a4,2026-07-15T17:02:53.205463-04:00,3d8910a4,completed,600,1337,600,50,16,0.004,AdamWScheduleFree,0.0,1.0,,96,4,192,3,512,entity_target_column,pair_mlp,300,1,sentence_transformer,wag,False,llama3.2:1b,"[""nc_voters_shared"",""nc_voters_changed"",""fodors_zagats"",""dblp_acm"",""amazon_google_price_numeric""]",250,0.05,6,1.0,True,True,True,"{""person_dgp"":{""corruption_rate"":0.1,""missing_rate"":0.1,""nickname_rate"":0.05,""seed"":502}}",350,nc_voters_changed,846,200,0.004135017555639487,0.9799574550639703,0.7085322582945797,0.051939031448967776,0.9106901217861976,0.09827328149527252,0.7173732335827099,0.9870911836624146,0.0,0.043951719999313354,2.425063583010342,2.9200045420438983,3.394747374986764,0.22219454200239852,0.016346040996722877,12.071451249998063,22.924754583043978,2808.53125,394.695068359375,True,86.0,86.0,86.0,9.0,9.0,9.0
20260715_170253_seed1337_3d8910a4,2026-07-15T17:02:53.205463-04:00,3d8910a4,completed,600,1337,600,50,16,0.004,AdamWScheduleFree,0.0,1.0,,96,4,192,3,512,entity_target_column,pair_mlp,300,1,sentence_transformer,wag,False,llama3.2:1b,"[""nc_voters_shared"",""nc_voters_changed"",""fodors_zagats"",""dblp_acm"",""amazon_google_price_numeric""]",250,0.05,6,1.0,True,True,True,"{""person_dgp"":{""corruption_rate"":0.1,""missing_rate"":0.1,""nickname_rate"":0.05,""seed"":502}}",350,dblp_acm,1000,500,0.001001001001001001,0.9891534969939879,0.3711033112835501,0.003012413324928478,0.994,0.006006622996785188,0.44421487603305787,0.9963395595550537,0.0,0.043951719999313354,2.425063583010342,2.9200045420438983,3.394747374986764,0.22219454200239852,0.016346040996722877,12.071451249998063,22.924754583043978,2808.53125,394.695068359375,True,86.0,86.0,86.0,9.0,9.0,9.0
20260715_170253_seed1337_3d8910a4,2026-07-15T17:02:53.205463-04:00,3d8910a4,completed,600,1337,600,50,16,0.004,AdamWScheduleFree,0.0,1.0,,96,4,192,3,512,entity_target_column,pair_mlp,300,1,sentence_transformer,wag,False,llama3.2:1b,"[""nc_voters_shared"",""nc_voters_changed"",""fodors_zagats"",""dblp_acm"",""amazon_google_price_numeric""]",250,0.05,6,1.0,True,True,True,"{""person_dgp"":{""corruption_rate"":0.1,""missing_rate"":0.1,""nickname_rate"":0.05,""seed"":502}}",350,fodors_zagats,224,112,0.004484304932735426,0.7141327392443464,0.18815300454950212,0.019784172661870502,0.19642857142857142,0.03594771241830065,0.3065693430656935,0.9980778694152832,0.012072486910022651,0.043951719999313354,2.425063583010342,2.9200045420438983,3.394747374986764,0.22219454200239852,0.016346040996722877,12.071451249998063,22.924754583043978,2808.53125,394.695068359375,True,86.0,86.0,86.0,9.0,9.0,9.0
20260715_170253_seed1337_3d8910a4,2026-07-15T17:02:53.205463-04:00,3d8910a4,completed,600,1337,600,50,16,0.004,AdamWScheduleFree,0.0,1.0,,96,4,192,3,512,entity_target_column,pair_mlp,300,1,sentence_transformer,wag,False,llama3.2:1b,"[""nc_voters_shared"",""nc_voters_changed"",""fodors_zagats"",""dblp_acm"",""amazon_google_price_numeric""]",250,0.05,6,1.0,True,True,True,"{""person_dgp"":{""corruption_rate"":0.1,""missing_rate"":0.1,""nickname_rate"":0.05,""seed"":502}}",350,amazon_google_price_numeric,1080,500,0.0011653451412487557,0.9257690948056119,0.1280073471235288,0.0012377574617915624,0.9955817378497791,0.002472441060077392,0.24719101123595505,0.9986950755119324,0.0,0.043951719999313354,2.425063583010342,2.9200045420438983,3.394747374986764,0.22219454200239852,0.016346040996722877,12.071451249998063,22.924754583043978,2808.53125,394.695068359375,True,86.0,86.0,86.0,9.0,9.0,9.0
20260715_170253_seed1337_3d8910a4,2026-07-15T17:02:53.205463-04:00,3d8910a4,completed,600,1337,600,50,16,0.004,AdamWScheduleFree,0.0,1.0,,96,4,192,3,512,entity_target_column,pair_mlp,300,1,sentence_transformer,wag,False,llama3.2:1b,"[""nc_voters_shared"",""nc_voters_changed"",""fodors_zagats"",""dblp_acm"",""amazon_google_price_numeric""]",250,0.05,6,1.0,True,True,True,"{""person_dgp"":{""corruption_rate"":0.1,""missing_rate"":0.1,""nickname_rate"":0.05,""seed"":502}}",350,person_dgp,250,58,0.03203212851405623,0.9993888995717902,0.9865813024625119,0.7565485362095532,0.9849548645937813,0.8557734204793028,0.9505154639175258,0.9004841446876526,0.009954465444110713,0.043951719999313354,2.425063583010342,2.9200045420438983,3.394747374986764,0.22219454200239852,0.016346040996722877,12.071451249998063,22.924754583043978,2808.53125,394.695068359375,True,86.0,86.0,86.0,9.0,9.0,9.0
20260715_170253_seed1337_3d8910a4,2026-07-15T17:02:53.205463-04:00,3d8910a4,completed,600,1337,600,50,16,0.004,AdamWScheduleFree,0.0,1.0,,96,4,192,3,512,entity_target_column,pair_mlp,300,1,sentence_transformer,wag,False,llama3.2:1b,"[""nc_voters_shared"",""nc_voters_changed"",""fodors_zagats"",""dblp_acm"",""amazon_google_price_numeric""]",250,0.05,6,1.0,True,True,True,"{""person_dgp"":{""corruption_rate"":0.1,""missing_rate"":0.1,""nickname_rate"":0.05,""seed"":502}}",400,nc_voters_shared,805,200,0.0041778684218658265,0.9930668629615412,0.8463083288611845,0.09902897657213316,0.9504437869822485,0.17936906756002233,0.8464079273327829,0.984032928943634,0.0,0.15936218202114105,4.3736701250309125,4.467082458024379,8.049821624998003,0.4731023329659365,0.03058733296347782,21.484256333031226,46.37548133300152,2808.53125,408.505126953125,True,185.0,185.0,185.0,6.0,6.0,6.0
20260715_170253_seed1337_3d8910a4,2026-07-15T17:02:53.205463-04:00,3d8910a4,completed,600,1337,600,50,16,0.004,AdamWScheduleFree,0.0,1.0,,96,4,192,3,512,entity_target_column,pair_mlp,300,1,sentence_transformer,wag,False,llama3.2:1b,"[""nc_voters_shared"",""nc_voters_changed"",""fodors_zagats"",""dblp_acm"",""amazon_google_price_numeric""]",250,0.05,6,1.0,True,True,True,"{""person_dgp"":{""corruption_rate"":0.1,""missing_rate"":0.1,""nickname_rate"":0.05,""seed"":502}}",400,nc_voters_changed,846,200,0.004135017555639487,0.9828158266505126,0.7239579664777831,0.06697896940097678,0.9093369418132612,0.12476791682138878,0.7255546425636812,0.9876718521118164,0.0,0.15936218202114105,4.3736701250309125,4.467082458024379,8.049821624998003,0.4731023329659365,0.03058733296347782,21.484256333031226,46.37548133300152,2808.53125,408.505126953125,True,185.0,185.0,185.0,6.0,6.0,6.0
20260715_170253_seed1337_3d8910a4,2026-07-15T17:02:53.205463-04:00,3d8910a4,completed,600,1337,600,50,16,0.004,AdamWScheduleFree,0.0,1.0,,96,4,192,3,512,entity_target_column,pair_mlp,300,1,sentence_transformer,wag,False,llama3.2:1b,"[""nc_voters_shared"",""nc_voters_changed"",""fodors_zagats"",""dblp_acm"",""amazon_google_price_numeric""]",250,0.05,6,1.0,True,True,True,"{""person_dgp"":{""corruption_rate"":0.1,""missing_rate"":0.1,""nickname_rate"":0.05,""seed"":502}}",400,dblp_acm,1000,500,0.001001001001001001,0.9901073246492986,0.38768919232536986,0.003136121557838411,0.994,0.006252516103059581,0.45312500000000006,0.9971247315406799,0.0,0.15936218202114105,4.3736701250309125,4.467082458024379,8.049821624998003,0.4731023329659365,0.03058733296347782,21.484256333031226,46.37548133300152,2808.53125,408.505126953125,True,185.0,185.0,185.0,6.0,6.0,6.0
20260715_170253_seed1337_3d8910a4,2026-07-15T17:02:53.205463-04:00,3d8910a4,completed,600,1337,600,50,16,0.004,AdamWScheduleFree,0.0,1.0,,96,4,192,3,512,entity_target_column,pair_mlp,300,1,sentence_transformer,wag,False,llama3.2:1b,"[""nc_voters_shared"",""nc_voters_changed"",""fodors_zagats"",""dblp_acm"",""amazon_google_price_numeric""]",250,0.05,6,1.0,True,True,True,"{""person_dgp"":{""corruption_rate"":0.1,""missing_rate"":0.1,""nickname_rate"":0.05,""seed"":502}}",400,fodors_zagats,224,112,0.004484304932735426,0.7422395689694797,0.18640686030076922,0.022155085599194362,0.19642857142857142,0.039819004524886875,0.30434782608695654,0.9984264373779297,0.009486410741054552,0.15936218202114105,4.3736701250309125,4.467082458024379,8.049821624998003,0.4731023329659365,0.03058733296347782,21.484256333031226,46.37548133300152,2808.53125,408.505126953125,True,185.0,185.0,185.0,6.0,6.0,6.0
20260715_170253_seed1337_3d8910a4,2026-07-15T17:02:53.205463-04:00,3d8910a4,completed,600,1337,600,50,16,0.004,AdamWScheduleFree,0.0,1.0,,96,4,192,3,512,entity_target_column,pair_mlp,300,1,sentence_transformer,wag,False,llama3.2:1b,"[""nc_voters_shared"",""nc_voters_changed"",""fodors_zagats"",""dblp_acm"",""amazon_google_price_numeric""]",250,0.05,6,1.0,True,True,True,"{""person_dgp"":{""corruption_rate"":0.1,""missing_rate"":0.1,""nickname_rate"":0.05,""seed"":502}}",400,amazon_google_price_numeric,1080,500,0.0011653451412487557,0.9215700030735761,0.1301493165790848,0.0011966719773411224,0.9955817378497791,0.0023904706504307973,0.24812542603953647,0.999171257019043,0.0,0.15936218202114105,4.3736701250309125,4.467082458024379,8.049821624998003,0.4731023329659365,0.03058733296347782,21.484256333031226,46.37548133300152,2808.53125,408.505126953125,True,185.0,185.0,185.0,6.0,6.0,6.0
20260715_170253_seed1337_3d8910a4,2026-07-15T17:02:53.205463-04:00,3d8910a4,completed,600,1337,600,50,16,0.004,AdamWScheduleFree,0.0,1.0,,96,4,192,3,512,entity_target_column,pair_mlp,300,1,sentence_transformer,wag,False,llama3.2:1b,"[""nc_voters_shared"",""nc_voters_changed"",""fodors_zagats"",""dblp_acm"",""amazon_google_price_numeric""]",250,0.05,6,1.0,True,True,True,"{""person_dgp"":{""corruption_rate"":0.1,""missing_rate"":0.1,""nickname_rate"":0.05,""seed"":502}}",400,person_dgp,250,58,0.03203212851405623,0.999666218517475,0.9921690459987725,0.8006509357200976,0.9869608826479438,0.8840970350404312,0.9655172413793104,0.9083163738250732,0.03299060386507897,0.15936218202114105,4.3736701250309125,4.467082458024379,8.049821624998003,0.4731023329659365,0.03058733296347782,21.484256333031226,46.37548133300152,2808.53125,408.505126953125,True,185.0,185.0,185.0,6.0,6.0,6.0
20260715_170253_seed1337_3d8910a4,2026-07-15T17:02:53.205463-04:00,3d8910a4,completed,600,1337,600,50,16,0.004,AdamWScheduleFree,0.0,1.0,,96,4,192,3,512,entity_target_column,pair_mlp,300,1,sentence_transformer,wag,False,llama3.2:1b,"[""nc_voters_shared"",""nc_voters_changed"",""fodors_zagats"",""dblp_acm"",""amazon_google_price_numeric""]",250,0.05,6,1.0,True,True,True,"{""person_dgp"":{""corruption_rate"":0.1,""missing_rate"":0.1,""nickname_rate"":0.05,""seed"":502}}",450,nc_voters_shared,805,200,0.0041778684218658265,0.9939479470324799,0.8537571080346151,0.09388520334583213,0.9630177514792899,0.17109067017082785,0.840567612687813,0.990009069442749,6.284981591306401e-05,0.13299384713172913,4.824700917000882,4.622961957997177,2.65617808396928,0.38111350004328415,0.01700295798946172,20.66242287500063,33.45013120799558,2808.53125,410.309814453125,True,203.0,203.0,203.0,6.0,6.0,6.0
20260715_170253_seed1337_3d8910a4,2026-07-15T17:02:53.205463-04:00,3d8910a4,completed,600,1337,600,50,16,0.004,AdamWScheduleFree,0.0,1.0,,96,4,192,3,512,entity_target_column,pair_mlp,300,1,sentence_transformer,wag,False,llama3.2:1b,"[""nc_voters_shared"",""nc_voters_changed"",""fodors_zagats"",""dblp_acm"",""amazon_google_price_numeric""]",250,0.05,6,1.0,True,True,True,"{""person_dgp"":{""corruption_rate"":0.1,""missing_rate"":0.1,""nickname_rate"":0.05,""seed"":502}}",450,nc_voters_changed,846,200,0.004135017555639487,0.9858666220053194,0.7401638643238163,0.0615259886496712,0.9242219215155616,0.11537162162162162,0.7294469357249627,0.9830654859542847,0.0,0.13299384713172913,4.824700917000882,4.622961957997177,2.65617808396928,0.38111350004328415,0.01700295798946172,20.66242287500063,33.45013120799558,2808.53125,410.309814453125,True,203.0,203.0,203.0,6.0,6.0,6.0
20260715_170253_seed1337_3d8910a4,2026-07-15T17:02:53.205463-04:00,3d8910a4,completed,600,1337,600,50,16,0.004,AdamWScheduleFree,0.0,1.0,,96,4,192,3,512,entity_target_column,pair_mlp,300,1,sentence_transformer,wag,False,llama3.2:1b,"[""nc_voters_shared"",""nc_voters_changed"",""fodors_zagats"",""dblp_acm"",""amazon_google_price_numeric""]",250,0.05,6,1.0,True,True,True,"{""person_dgp"":{""corruption_rate"":0.1,""missing_rate"":0.1,""nickname_rate"":0.05,""seed"":502}}",450,dblp_acm,1000,500,0.001001001001001001,0.9912556533066132,0.404001619189355,0.0031780066623272197,0.996,0.006335797254487857,0.4542372881355932,0.9977138042449951,0.0,0.13299384713172913,4.824700917000882,4.622961957997177,2.65617808396928,0.38111350004328415,0.01700295798946172,20.66242287500063,33.45013120799558,2808.53125,410.309814453125,True,203.0,203.0,203.0,6.0,6.0,6.0
20260715_170253_seed1337_3d8910a4,2026-07-15T17:02:53.205463-04:00,3d8910a4,completed,600,1337,600,50,16,0.004,AdamWScheduleFree,0.0,1.0,,96,4,192,3,512,entity_target_column,pair_mlp,300,1,sentence_transformer,wag,False,llama3.2:1b,"[""nc_voters_shared"",""nc_voters_changed"",""fodors_zagats"",""dblp_acm"",""amazon_google_price_numeric""]",250,0.05,6,1.0,True,True,True,"{""person_dgp"":{""corruption_rate"":0.1,""missing_rate"":0.1,""nickname_rate"":0.05,""seed"":502}}",450,fodors_zagats,224,112,0.004484304932735426,0.7406408720582829,0.18979833632993595,0.027603513174404015,0.19642857142857142,0.0484048404840484,0.3065693430656935,0.9985546469688416,0.013757016840417,0.13299384713172913,4.824700917000882,4.622961957997177,2.65617808396928,0.38111350004328415,0.01700295798946172,20.66242287500063,33.45013120799558,2808.53125,410.309814453125,True,203.0,203.0,203.0,6.0,6.0,6.0
20260715_170253_seed1337_3d8910a4,2026-07-15T17:02:53.205463-04:00,3d8910a4,completed,600,1337,600,50,16,0.004,AdamWScheduleFree,0.0,1.0,,96,4,192,3,512,entity_target_column,pair_mlp,300,1,sentence_transformer,wag,False,llama3.2:1b,"[""nc_voters_shared"",""nc_voters_changed"",""fodors_zagats"",""dblp_acm"",""amazon_google_price_numeric""]",250,0.05,6,1.0,True,True,True,"{""person_dgp"":{""corruption_rate"":0.1,""missing_rate"":0.1,""nickname_rate"":0.05,""seed"":502}}",450,amazon_google_price_numeric,1080,500,0.0011653451412487557,0.9229743072527768,0.12635813185844366,0.0011833635884625552,0.9955817378497791,0.0023639173887804845,0.2527261064785119,0.9994175434112549,0.0,0.13299384713172913,4.824700917000882,4.622961957997177,2.65617808396928,0.38111350004328415,0.01700295798946172,20.66242287500063,33.45013120799558,2808.53125,410.309814453125,True,203.0,203.0,203.0,6.0,6.0,6.0
20260715_170253_seed1337_3d8910a4,2026-07-15T17:02:53.205463-04:00,3d8910a4,completed,600,1337,600,50,16,0.004,AdamWScheduleFree,0.0,1.0,,96,4,192,3,512,entity_target_column,pair_mlp,300,1,sentence_transformer,wag,False,llama3.2:1b,"[""nc_voters_shared"",""nc_voters_changed"",""fodors_zagats"",""dblp_acm"",""amazon_google_price_numeric""]",250,0.05,6,1.0,True,True,True,"{""person_dgp"":{""corruption_rate"":0.1,""missing_rate"":0.1,""nickname_rate"":0.05,""seed"":502}}",450,person_dgp,250,58,0.03203212851405623,0.9997520442367995,0.9940357897824197,0.8241206030150754,0.9869608826479438,0.8982199908717481,0.9712266532054519,0.8474321365356445,0.060947568854672486,0.13299384713172913,4.824700917000882,4.622961957997177,2.65617808396928,0.38111350004328415,0.01700295798946172,20.66242287500063,33.45013120799558,2808.53125,410.309814453125,True,203.0,203.0,203.0,6.0,6.0,6.0
20260715_170253_seed1337_3d8910a4,2026-07-15T17:02:53.205463-04:00,3d8910a4,completed,600,1337,600,50,16,0.004,AdamWScheduleFree,0.0,1.0,,96,4,192,3,512,entity_target_column,pair_mlp,300,1,sentence_transformer,wag,False,llama3.2:1b,"[""nc_voters_shared"",""nc_voters_changed"",""fodors_zagats"",""dblp_acm"",""amazon_google_price_numeric""]",250,0.05,6,1.0,True,True,True,"{""person_dgp"":{""corruption_rate"":0.1,""missing_rate"":0.1,""nickname_rate"":0.05,""seed"":502}}",500,nc_voters_shared,805,200,0.0041778684218658265,0.9945968537612977,0.8613674802893451,0.10183093104791585,0.966715976331361,0.18425318953971948,0.8458298230834036,0.9922491312026978,6.284981591306401e-05,0.12043337523937225,6.3956989999860525,6.103649542026687,4.1097734160139225,2.6119554580072872,0.013066374987829477,17.00363633298548,36.22800787497545,2808.53125,431.426025390625,True,290.0,290.0,290.0,6.0,6.0,6.0
20260715_170253_seed1337_3d8910a4,2026-07-15T17:02:53.205463-04:00,3d8910a4,completed,600,1337,600,50,16,0.004,AdamWScheduleFree,0.0,1.0,,96,4,192,3,512,entity_target_column,pair_mlp,300,1,sentence_transformer,wag,False,llama3.2:1b,"[""nc_voters_shared"",""nc_voters_changed"",""fodors_zagats"",""dblp_acm"",""amazon_google_price_numeric""]",250,0.05,6,1.0,True,True,True,"{""person_dgp"":{""corruption_rate"":0.1,""missing_rate"":0.1,""nickname_rate"":0.05,""seed"":502}}",500,nc_voters_changed,846,200,0.004135017555639487,0.9881344511580121,0.7531205763714276,0.06205176177112566,0.942489851150203,0.11643749738788815,0.7286004056795132,0.9915873408317566,0.0,0.12043337523937225,6.3956989999860525,6.103649542026687,4.1097734160139225,2.6119554580072872,0.013066374987829477,17.00363633298548,36.22800787497545,2808.53125,431.426025390625,True,290.0,290.0,290.0,6.0,6.0,6.0
20260715_170253_seed1337_3d8910a4,2026-07-15T17:02:53.205463-04:00,3d8910a4,completed,600,1337,600,50,16,0.004,AdamWScheduleFree,0.0,1.0,,96,4,192,3,512,entity_target_column,pair_mlp,300,1,sentence_transformer,wag,False,llama3.2:1b,"[""nc_voters_shared"",""nc_voters_changed"",""fodors_zagats"",""dblp_acm"",""amazon_google_price_numeric""]",250,0.05,6,1.0,True,True,True,"{""person_dgp"":{""corruption_rate"":0.1,""missing_rate"":0.1,""nickname_rate"":0.05,""seed"":502}}",500,dblp_acm,1000,500,0.001001001001001001,0.9905490601202405,0.3872060423462597,0.003115967924965988,0.994,0.006212461172117674,0.42824074074074076,0.998013973236084,0.0,0.12043337523937225,6.3956989999860525,6.103649542026687,4.1097734160139225,2.6119554580072872,0.013066374987829477,17.00363633298548,36.22800787497545,2808.53125,431.426025390625,True,290.0,290.0,290.0,6.0,6.0,6.0
20260715_170253_seed1337_3d8910a4,2026-07-15T17:02:53.205463-04:00,3d8910a4,completed,600,1337,600,50,16,0.004,AdamWScheduleFree,0.0,1.0,,96,4,192,3,512,entity_target_column,pair_mlp,300,1,sentence_transformer,wag,False,llama3.2:1b,"[""nc_voters_shared"",""nc_voters_changed"",""fodors_zagats"",""dblp_acm"",""amazon_google_price_numeric""]",250,0.05,6,1.0,True,True,True,"{""person_dgp"":{""corruption_rate"":0.1,""missing_rate"":0.1,""nickname_rate"":0.05,""seed"":502}}",500,fodors_zagats,224,112,0.004484304932735426,0.7388866864313293,0.187242488036151,0.02619589977220957,0.20535714285714285,0.046464646464646465,0.30434782608695654,0.9985419511795044,0.010515019244858578,0.12043337523937225,6.3956989999860525,6.103649542026687,4.1097734160139225,2.6119554580072872,0.013066374987829477,17.00363633298548,36.22800787497545,2808.53125,431.426025390625,True,290.0,290.0,290.0,6.0,6.0,6.0
20260715_170253_seed1337_3d8910a4,2026-07-15T17:02:53.205463-04:00,3d8910a4,completed,600,1337,600,50,16,0.004,AdamWScheduleFree,0.0,1.0,,96,4,192,3,512,entity_target_column,pair_mlp,300,1,sentence_transformer,wag,False,llama3.2:1b,"[""nc_voters_shared"",""nc_voters_changed"",""fodors_zagats"",""dblp_acm"",""amazon_google_price_numeric""]",250,0.05,6,1.0,True,True,True,"{""person_dgp"":{""corruption_rate"":0.1,""missing_rate"":0.1,""nickname_rate"":0.05,""seed"":502}}",500,amazon_google_price_numeric,1080,500,0.0011653451412487557,0.924154916322709,0.12918301323015152,0.0011805158994186483,0.9955817378497791,0.0023582355095846923,0.25396825396825395,0.9995625615119934,0.0,0.12043337523937225,6.3956989999860525,6.103649542026687,4.1097734160139225,2.6119554580072872,0.013066374987829477,17.00363633298548,36.22800787497545,2808.53125,431.426025390625,True,290.0,290.0,290.0,6.0,6.0,6.0
20260715_170253_seed1337_3d8910a4,2026-07-15T17:02:53.205463-04:00,3d8910a4,completed,600,1337,600,50,16,0.004,AdamWScheduleFree,0.0,1.0,,96,4,192,3,512,entity_target_column,pair_mlp,300,1,sentence_transformer,wag,False,llama3.2:1b,"[""nc_voters_shared"",""nc_voters_changed"",""fodors_zagats"",""dblp_acm"",""amazon_google_price_numeric""]",250,0.05,6,1.0,True,True,True,"{""person_dgp"":{""corruption_rate"":0.1,""missing_rate"":0.1,""nickname_rate"":0.05,""seed"":502}}",500,person_dgp,250,58,0.03203212851405623,0.9997544745228782,0.9945405513155341,0.8567708333333334,0.9899699097291875,0.9185667752442996,0.9721236695387735,0.8658728003501892,0.08888884770814216,0.12043337523937225,6.3956989999860525,6.103649542026687,4.1097734160139225,2.6119554580072872,0.013066374987829477,17.00363633298548,36.22800787497545,2808.53125,431.426025390625,True,290.0,290.0,290.0,6.0,6.0,6.0
20260715_170253_seed1337_3d8910a4,2026-07-15T17:02:53.205463-04:00,3d8910a4,completed,600,1337,600,50,16,0.004,AdamWScheduleFree,0.0,1.0,,96,4,192,3,512,entity_target_column,pair_mlp,300,1,sentence_transformer,wag,False,llama3.2:1b,"[""nc_voters_shared"",""nc_voters_changed"",""fodors_zagats"",""dblp_acm"",""amazon_google_price_numeric""]",250,0.05,6,1.0,True,True,True,"{""person_dgp"":{""corruption_rate"":0.1,""missing_rate"":0.1,""nickname_rate"":0.05,""seed"":502}}",550,nc_voters_shared,805,200,0.0041778684218658265,0.9956786801827826,0.8769803726688659,0.09395973154362416,0.9733727810650887,0.17137648131267091,0.8516235100698727,0.9909160733222961,6.284981591306401e-05,0.07991427928209305,4.021598832972813,4.214761791983619,6.036615332996007,0.4356069999630563,0.042538832989521325,18.317129125003703,35.71295795805054,2808.53125,421.963134765625,True,174.0,174.0,174.0,9.0,9.0,9.0
20260715_170253_seed1337_3d8910a4,2026-07-15T17:02:53.205463-04:00,3d8910a4,completed,600,1337,600,50,16,0.004,AdamWScheduleFree,0.0,1.0,,96,4,192,3,512,entity_target_column,pair_mlp,300,1,sentence_transformer,wag,False,llama3.2:1b,"[""nc_voters_shared"",""nc_voters_changed"",""fodors_zagats"",""dblp_acm"",""amazon_google_price_numeric""]",250,0.05,6,1.0,True,True,True,"{""person_dgp"":{""corruption_rate"":0.1,""missing_rate"":0.1,""nickname_rate"":0.05,""seed"":502}}",550,nc_voters_changed,846,200,0.004135017555639487,0.9909570902960968,0.7693314204625114,0.05347313237221494,0.9661705006765899,0.10133768583898095,0.7373202119606359,0.9904747605323792,0.0,0.07991427928209305,4.021598832972813,4.214761791983619,6.036615332996007,0.4356069999630563,0.042538832989521325,18.317129125003703,35.71295795805054,2808.53125,421.963134765625,True,174.0,174.0,174.0,9.0,9.0,9.0
20260715_170253_seed1337_3d8910a4,2026-07-15T17:02:53.205463-04:00,3d8910a4,completed,600,1337,600,50,16,0.004,AdamWScheduleFree,0.0,1.0,,96,4,192,3,512,entity_target_column,pair_mlp,300,1,sentence_transformer,wag,False,llama3.2:1b,"[""nc_voters_shared"",""nc_voters_changed"",""fodors_zagats"",""dblp_acm"",""amazon_google_price_numeric""]",250,0.05,6,1.0,True,True,True,"{""person_dgp"":{""corruption_rate"":0.1,""missing_rate"":0.1,""nickname_rate"":0.05,""seed"":502}}",550,dblp_acm,1000,500,0.001001001001001001,0.9909049599198396,0.3987590856241894,0.0027850635587296085,0.996,0.0055545950889794825,0.4430107526881721,0.9982855916023254,0.0,0.07991427928209305,4.021598832972813,4.214761791983619,6.036615332996007,0.4356069999630563,0.042538832989521325,18.317129125003703,35.71295795805054,2808.53125,421.963134765625,True,174.0,174.0,174.0,9.0,9.0,9.0
20260715_170253_seed1337_3d8910a4,2026-07-15T17:02:53.205463-04:00,3d8910a4,completed,600,1337,600,50,16,0.004,AdamWScheduleFree,0.0,1.0,,96,4,192,3,512,entity_target_column,pair_mlp,300,1,sentence_transformer,wag,False,llama3.2:1b,"[""nc_voters_shared"",""nc_voters_changed"",""fodors_zagats"",""dblp_acm"",""amazon_google_price_numeric""]",250,0.05,6,1.0,True,True,True,"{""person_dgp"":{""corruption_rate"":0.1,""missing_rate"":0.1,""nickname_rate"":0.05,""seed"":502}}",550,fodors_zagats,224,112,0.004484304932735426,0.7522386065912853,0.18560374589050335,0.02774694783573807,0.22321428571428573,0.049358341559723594,0.3007518796992481,0.999066174030304,0.0025174856823894803,0.07991427928209305,4.021598832972813,4.214761791983619,6.036615332996007,0.4356069999630563,0.042538832989521325,18.317129125003703,35.71295795805054,2808.53125,421.963134765625,True,174.0,174.0,174.0,9.0,9.0,9.0
20260715_170253_seed1337_3d8910a4,2026-07-15T17:02:53.205463-04:00,3d8910a4,completed,600,1337,600,50,16,0.004,AdamWScheduleFree,0.0,1.0,,96,4,192,3,512,entity_target_column,pair_mlp,300,1,sentence_transformer,wag,False,llama3.2:1b,"[""nc_voters_shared"",""nc_voters_changed"",""fodors_zagats"",""dblp_acm"",""amazon_google_price_numeric""]",250,0.05,6,1.0,True,True,True,"{""person_dgp"":{""corruption_rate"":0.1,""missing_rate"":0.1,""nickname_rate"":0.05,""seed"":502}}",550,amazon_google_price_numeric,1080,500,0.0011653451412487557,0.9314909728401901,0.1469490791880934,0.0011775054651233681,0.9955817378497791,0.0023522288760451935,0.2701949860724234,0.9996635913848877,0.0,0.07991427928209305,4.021598832972813,4.214761791983619,6.036615332996007,0.4356069999630563,0.042538832989521325,18.317129125003703,35.71295795805054,2808.53125,421.963134765625,True,174.0,174.0,174.0,9.0,9.0,9.0
20260715_170253_seed1337_3d8910a4,2026-07-15T17:02:53.205463-04:00,3d8910a4,completed,600,1337,600,50,16,0.004,AdamWScheduleFree,0.0,1.0,,96,4,192,3,512,entity_target_column,pair_mlp,300,1,sentence_transformer,wag,False,llama3.2:1b,"[""nc_voters_shared"",""nc_voters_changed"",""fodors_zagats"",""dblp_acm"",""amazon_google_price_numeric""]",250,0.05,6,1.0,True,True,True,"{""person_dgp"":{""corruption_rate"":0.1,""missing_rate"":0.1,""nickname_rate"":0.05,""seed"":502}}",550,person_dgp,250,58,0.03203212851405623,0.9997365636473947,0.994372327893753,0.870026525198939,0.9869608826479438,0.924812030075188,0.9727822580645161,0.8385565876960754,0.08770687976358434,0.07991427928209305,4.021598832972813,4.214761791983619,6.036615332996007,0.4356069999630563,0.042538832989521325,18.317129125003703,35.71295795805054,2808.53125,421.963134765625,True,174.0,174.0,174.0,9.0,9.0,9.0
20260715_170253_seed1337_3d8910a4,2026-07-15T17:02:53.205463-04:00,3d8910a4,completed,600,1337,600,50,16,0.004,AdamWScheduleFree,0.0,1.0,,96,4,192,3,512,entity_target_column,pair_mlp,300,1,sentence_transformer,wag,False,llama3.2:1b,"[""nc_voters_shared"",""nc_voters_changed"",""fodors_zagats"",""dblp_acm"",""amazon_google_price_numeric""]",250,0.05,6,1.0,True,True,True,"{""person_dgp"":{""corruption_rate"":0.1,""missing_rate"":0.1,""nickname_rate"":0.05,""seed"":502}}",600,nc_voters_shared,805,200,0.0041778684218658265,0.9959361597552713,0.8901417730940709,0.09738104020656584,0.9763313609467456,0.17709800764741396,0.8622898318654925,0.9883838891983032,6.284981591306401e-05,0.08727722615003586,1.7633362079504877,1.274690875026863,2.123326500004623,2.7738444159622304,0.01657287497073412,14.275092208990827,22.214642625011038,2808.53125,384.27783203125,True,54.0,54.0,54.0,7.0,7.0,7.0
20260715_170253_seed1337_3d8910a4,2026-07-15T17:02:53.205463-04:00,3d8910a4,completed,600,1337,600,50,16,0.004,AdamWScheduleFree,0.0,1.0,,96,4,192,3,512,entity_target_column,pair_mlp,300,1,sentence_transformer,wag,False,llama3.2:1b,"[""nc_voters_shared"",""nc_voters_changed"",""fodors_zagats"",""dblp_acm"",""amazon_google_price_numeric""]",250,0.05,6,1.0,True,True,True,"{""person_dgp"":{""corruption_rate"":0.1,""missing_rate"":0.1,""nickname_rate"":0.05,""seed"":502}}",600,nc_voters_changed,846,200,0.004135017555639487,0.991951993502066,0.7872399582090548,0.05310192023633678,0.972936400541272,0.10070733244624974,0.7535070140280561,0.9941380023956299,0.0,0.08727722615003586,1.7633362079504877,1.274690875026863,2.123326500004623,2.7738444159622304,0.01657287497073412,14.275092208990827,22.214642625011038,2808.53125,384.27783203125,True,54.0,54.0,54.0,7.0,7.0,7.0
20260715_170253_seed1337_3d8910a4,2026-07-15T17:02:53.205463-04:00,3d8910a4,completed,600,1337,600,50,16,0.004,AdamWScheduleFree,0.0,1.0,,96,4,192,3,512,entity_target_column,pair_mlp,300,1,sentence_transformer,wag,False,llama3.2:1b,"[""nc_voters_shared"",""nc_voters_changed"",""fodors_zagats"",""dblp_acm"",""amazon_google_price_numeric""]",250,0.05,6,1.0,True,True,True,"{""person_dgp"":{""corruption_rate"":0.1,""missing_rate"":0.1,""nickname_rate"":0.05,""seed"":502}}",600,dblp_acm,1000,500,0.001001001001001001,0.9924892144288577,0.4335445306550008,0.0026934391277359457,0.998,0.005372379081097085,0.46850828729281774,0.998531699180603,0.0,0.08727722615003586,1.7633362079504877,1.274690875026863,2.123326500004623,2.7738444159622304,0.01657287497073412,14.275092208990827,22.214642625011038,2808.53125,384.27783203125,True,54.0,54.0,54.0,7.0,7.0,7.0
20260715_170253_seed1337_3d8910a4,2026-07-15T17:02:53.205463-04:00,3d8910a4,completed,600,1337,600,50,16,0.004,AdamWScheduleFree,0.0,1.0,,96,4,192,3,512,entity_target_column,pair_mlp,300,1,sentence_transformer,wag,False,llama3.2:1b,"[""nc_voters_shared"",""nc_voters_changed"",""fodors_zagats"",""dblp_acm"",""amazon_google_price_numeric""]",250,0.05,6,1.0,True,True,True,"{""person_dgp"":{""corruption_rate"":0.1,""missing_rate"":0.1,""nickname_rate"":0.05,""seed"":502}}",600,fodors_zagats,224,112,0.004484304932735426,0.766364199818441,0.18462112255587376,0.030915576694411414,0.23214285714285715,0.05456453305351522,0.2985074626865672,0.999138355255127,0.006598590761262454,0.08727722615003586,1.7633362079504877,1.274690875026863,2.123326500004623,2.7738444159622304,0.01657287497073412,14.275092208990827,22.214642625011038,2808.53125,384.27783203125,True,54.0,54.0,54.0,7.0,7.0,7.0
20260715_170253_seed1337_3d8910a4,2026-07-15T17:02:53.205463-04:00,3d8910a4,completed,600,1337,600,50,16,0.004,AdamWScheduleFree,0.0,1.0,,96,4,192,3,512,entity_target_column,pair_mlp,300,1,sentence_transformer,wag,False,llama3.2:1b,"[""nc_voters_shared"",""nc_voters_changed"",""fodors_zagats"",""dblp_acm"",""amazon_google_price_numeric""]",250,0.05,6,1.0,True,True,True,"{""person_dgp"":{""corruption_rate"":0.1,""missing_rate"":0.1,""nickname_rate"":0.05,""seed"":502}}",600,amazon_google_price_numeric,1080,500,0.0011653451412487557,0.9397564193795364,0.16691016328600636,0.0011756787544761882,0.9955817378497791,0.0023485840747933698,0.28941684665226786,0.99973064661026,0.0,0.08727722615003586,1.7633362079504877,1.274690875026863,2.123326500004623,2.7738444159622304,0.01657287497073412,14.275092208990827,22.214642625011038,2808.53125,384.27783203125,True,54.0,54.0,54.0,7.0,7.0,7.0
20260715_170253_seed1337_3d8910a4,2026-07-15T17:02:53.205463-04:00,3d8910a4,completed,600,1337,600,50,16,0.004,AdamWScheduleFree,0.0,1.0,,96,4,192,3,512,entity_target_column,pair_mlp,300,1,sentence_transformer,wag,False,llama3.2:1b,"[""nc_voters_shared"",""nc_voters_changed"",""fodors_zagats"",""dblp_acm"",""amazon_google_price_numeric""]",250,0.05,6,1.0,True,True,True,"{""person_dgp"":{""corruption_rate"":0.1,""missing_rate"":0.1,""nickname_rate"":0.05,""seed"":502}}",600,person_dgp,250,58,0.03203212851405623,0.999733833737005,0.9942494322022117,0.8877828054298642,0.9839518555667001,0.9333967649857279,0.9740193581253185,0.8670820593833923,0.1373176023077993,0.08727722615003586,1.7633362079504877,1.274690875026863,2.123326500004623,2.7738444159622304,0.01657287497073412,14.275092208990827,22.214642625011038,2808.53125,384.27783203125,True,54.0,54.0,54.0,7.0,7.0,7.0
